id,first_name,second_name,web_name,team,element_type,now_cost,selected_by_percent,total_points,minutes,goals_scored,assists,clean_sheets,saves,goals_conceded,yellow_cards,red_cards,bonus,starts,expected_goals,expected_assists,expected_goal_involvements,expected_goals_conceded,form,points_per_game,value_form,value_season,status,chance_of_playing_next_round,position,price
1,David,Raya Martín,Raya,1,1,60,34.4,129,2790,0,0,15,50,22,1,0,6,31,0.00,0.06,0.06,22.30,5.0,4.2,0.8,21.5,a,,GK,6.0
2,Kepa,Arrizabalaga Revuelta,Arrizabalaga,1,1,40,0.4,0,0,0,0,0,0,0,0,0,0,0,0.00,0.00,0.00,0.00,0.0,0.0,0.0,0.0,a,,GK,4.0
3,Karl,Hein,Hein,1,1,40,0.2,0,0,0,0,0,0,0,0,0,0,0,0.00,0.00,0.00,0.00,0.0,0.0,0.0,0.0,u,0.0,GK,4.0
4,Tommy,Setford,Setford,1,1,39,0.2,0,0,0,0,0,0,0,0,0,0,0,0.00,0.00,0.00,0.00,0.0,0.0,0.0,0.0,a,,GK,3.9
5,Gabriel,dos Santos Magalhães,Gabriel,1,2,72,42.9,173,2165,3,4,14,0,15,3,0,25,24,1.90,1.65,3.55,15.82,7.8,6.9,1.1,24.0,a,100.0,DEF,7.2
6,William,Saliba,Saliba,1,2,61,13.2,107,2074,1,0,11,0,16,1,0,9,24,0.88,0.70,1.58,15.15,5.8,4.3,1.0,17.5,a,100.0,DEF,6.1
7,Riccardo,Calafiori,Calafiori,1,2,56,5.9,93,1446,1,2,11,0,8,5,0,4,18,2.92,0.49,3.41,8.96,1.8,4.2,0.3,16.6,a,100.0,DEF,5.6
8,Jurriën,Timber,J.Timber,1,2,63,26.9,149,2452,3,6,13,0,20,5,0,9,28,4.71,1.53,6.24,17.45,6.2,5.0,1.0,23.7,a,100.0,DEF,6.3
9,Jakub,Kiwior,Kiwior,1,2,54,0.0,0,0,0,0,0,0,0,0,0,0,0,0.00,0.00,0.00,0.00,0.0,0.0,0.0,0.0,u,0.0,DEF,5.4
10,Myles,Lewis-Skelly,Lewis-Skelly,1,2,51,1.4,12,311,0,0,0,0,5,3,0,0,1,0.05,0.06,0.11,5.26,0.0,0.9,0.0,2.4,a,,DEF,5.1
11,Benjamin,White,White,1,2,51,0.5,30,409,0,1,3,0,4,0,0,3,5,0.43,0.49,0.92,6.13,0.0,4.3,0.0,5.9,a,100.0,DEF,5.1
13,Brayden,Clarke,Clarke,1,2,38,0.4,0,0,0,0,0,0,0,0,0,0,0,0.00,0.00,0.00,0.00,0.0,0.0,0.0,0.0,a,,DEF,3.8
14,Maldini,Kacurri,Kacurri,1,2,39,0.1,0,0,0,0,0,0,0,0,0,0,0,0.00,0.00,0.00,0.00,0.0,0.0,0.0,0.0,u,0.0,DEF,3.9
15,Josh,Nichols,Nichols,1,2,37,0.2,0,0,0,0,0,0,0,0,0,0,0,0.00,0.00,0.00,0.00,0.0,0.0,0.0,0.0,a,,DEF,3.7
16,Bukayo,Saka,Saka,1,3,98,7.9,133,1995,6,8,10,0,16,1,0,14,22,6.99,5.75,12.74,14.36,4.8,4.9,0.5,13.6,a,100.0,MID,9.8
17,Martin,Ødegaard,Ødegaard,1,3,78,1.5,62,1070,1,6,4,0,11,0,0,5,13,1.01,2.91,3.92,12.89,1.0,3.1,0.1,7.9,d,75.0,MID,7.8
18,Noni,Madueke,Madueke,1,3,68,0.9,54,889,2,1,6,0,7,0,0,6,12,1.03,2.06,3.09,9.66,1.0,2.7,0.1,7.9,a,100.0,MID,6.8
19,Gabriel,Martinelli Silva,Martinelli,1,3,68,0.9,47,839,1,4,2,0,5,2,0,1,9,3.53,1.00,4.53,7.50,1.8,1.9,0.3,6.9,a,100.0,MID,6.8
20,Leandro,Trossard,Trossard,1,3,66,0.8,99,1675,5,5,8,0,14,1,0,9,18,4.96,2.70,7.66,11.74,1.0,3.8,0.2,15.0,a,100.0,MID,6.6
21,Declan,Rice,Rice,1,3,73,26.2,163,2580,4,9,14,0,21,2,0,21,29,3.05,6.43,9.48,18.78,3.8,5.4,0.5,22.3,a,100.0,MID,7.3
22,Mikel,Merino Zazón,Merino,1,3,54,0.8,66,996,4,3,4,0,9,1,0,5,10,2.99,1.45,4.44,6.59,0.0,3.1,0.0,12.2,i,0.0,MID,5.4
23,Fábio,Ferreira Vieira,Fábio Vieira,1,3,54,0.0,0,0,0,0,0,0,0,0,0,0,0,0.00,0.00,0.00,0.00,0.0,0.0,0.0,0.0,u,0.0,MID,5.4
24,Christian,Nørgaard,Nørgaard,1,3,51,0.1,6,56,0,0,0,0,1,0,0,0,0,0.05,0.00,0.05,2.23,0.5,1.0,0.1,1.2,a,100.0,MID,5.1
25,Ethan,Nwaneri,Nwaneri,1,3,50,0.1,8,165,0,0,1,0,0,0,0,0,0,0.23,0.08,0.31,0.73,0.0,1.3,0.0,1.6,u,0.0,MID,5.0
26,Martín,Zubimendi Ibáñez,Zubimendi,1,3,51,3.6,117,2597,5,1,15,0,20,4,0,9,30,2.77,2.19,4.96,21.07,2.5,3.8,0.5,22.9,a,100.0,MID,5.1
28,Ismeal,Kabia,Kabia,1,3,45,0.1,0,0,0,0,0,0,0,0,0,0,0,0.00,0.00,0.00,0.00,0.0,0.0,0.0,0.0,u,0.0,MID,4.5
29,Albert,Sambi Lokonga,Sambi,1,3,45,0.0,0,0,0,0,0,0,0,0,0,0,0,0.00,0.00,0.00,0.00,0.0,0.0,0.0,0.0,u,0.0,MID,4.5
30,Kai,Havertz,Havertz,1,4,73,0.5,12,261,0,1,3,0,0,0,0,0,3,0.31,0.09,0.40,2.41,1.0,2.0,0.1,1.6,a,100.0,FWD,7.3
31,Gabriel,Fernando de Jesus,G.Jesus,1,4,64,0.3,17,304,2,0,0,0,6,2,0,0,2,1.75,0.19,1.94,3.56,0.0,1.5,0.0,2.7,a,100.0,FWD,6.4
266,Eberechi,Eze,Eze,1,3,72,8.0,94,1494,6,3,8,0,10,1,0,8,17,3.88,2.23,6.11,10.30,5.5,3.6,0.8,13.1,a,,MID,7.2
662,Cristhian,Mosquera,Mosquera,1,2,53,0.1,28,667,0,0,2,0,5,2,0,1,6,0.00,0.49,0.49,5.49,1.8,2.0,0.3,5.3,a,100.0,DEF,5.3
666,Viktor,Gyökeres,Gyökeres,1,4,88,11.5,101,1888,11,0,10,0,11,4,0,13,23,9.23,1.76,10.98,13.85,5.8,3.5,0.7,11.5,a,100.0,FWD,8.8
700,Max,Dowman,Dowman,1,3,42,0.6,11,43,1,1,0,0,0,0,0,0,0,1.11,0.04,1.15,0.18,1.5,3.7,0.4,2.6,a,100.0,MID,4.2
711,Andre,Harriman-Annous,Harriman-Annous,1,3,44,0.0,0,0,0,0,0,0,0,0,0,0,0,0.00,0.00,0.00,0.00,0.0,0.0,0.0,0.0,a,,MID,4.4
725,Piero,Hincapié,Hincapie,1,2,51,0.8,74,1499,1,2,4,0,16,2,0,6,17,0.33,1.39,1.72,14.19,4.2,3.5,0.8,14.5,a,100.0,DEF,5.1
759,Marli,Salmon,Salmon,1,2,40,0.0,0,0,0,0,0,0,0,0,0,0,0,0.00,0.00,0.00,0.00,0.0,0.0,0.0,0.0,a,,DEF,4.0
32,Emiliano,Martínez Romero,Martinez,2,1,51,4.8,99,2295,0,0,6,75,29,2,0,10,26,0.00,0.06,0.06,34.86,1.4,3.8,0.3,19.4,a,100.0,GK,5.1
33,Marco,Bizot,M.Bizot,2,1,42,0.4,11,405,0,0,1,13,8,2,0,0,4,0.00,0.00,0.00,8.53,0.0,2.2,0.0,2.6,a,100.0,GK,4.2
34,Joe,Gauci,Gauci,2,1,40,0.1,0,0,0,0,0,0,0,0,0,0,0,0.00,0.00,0.00,0.00,0.0,0.0,0.0,0.0,u,0.0,GK,4.0
35,Filip,Marschall,Marschall,2,1,40,0.0,0,0,0,0,0,0,0,0,0,0,0,0.00,0.00,0.00,0.00,0.0,0.0,0.0,0.0,u,0.0,GK,4.0
36,Matty,Cash,Cash,2,2,47,8.6,100,2352,3,2,7,0,27,7,0,6,27,1.04,2.44,3.48,36.25,0.2,3.7,0.0,21.3,a,100.0,DEF,4.7
37,Lucas,Digne,Digne,2,2,45,1.5,78,1459,0,5,6,0,17,3,0,4,17,0.54,2.52,3.06,21.47,1.2,3.1,0.3,17.3,a,100.0,DEF,4.5
38,Ezri,Konsa Ngoyo,Konsa,2,2,44,8.2,89,2585,0,1,8,0,36,0,1,3,29,1.01,0.55,1.56,41.86,1.8,3.1,0.4,20.2,a,100.0,DEF,4.4
39,Ian,Maatsen,Maatsen,2,2,42,0.6,40,1251,0,0,2,0,20,2,0,0,13,1.05,1.85,2.90,22.13,0.8,1.7,0.2,9.5,a,,DEF,4.2
40,Tyrone,Mings,Mings,2,2,43,0.7,44,962,0,1,3,0,15,0,0,4,11,1.01,0.37,1.38,17.52,1.0,3.4,0.2,10.2,a,100.0,DEF,4.3
41,Pau,Torres,Pau,2,2,43,0.3,50,1296,0,1,4,0,15,0,0,2,14,0.63,0.34,0.97,17.98,0.2,3.1,0.0,11.6,a,100.0,DEF,4.3
42,Andrés,García,A.García,2,2,39,0.2,3,37,0,0,0,0,2,0,0,0,0,0.00,0.01,0.01,1.55,0.4,0.8,0.1,0.8,a,100.0,DEF,3.9
43,Álex,Moreno Lopera,Alex Moreno,2,2,40,1.6,0,0,0,0,0,0,0,0,0,0,0,0.00,0.00,0.00,0.00,0.0,0.0,0.0,0.0,u,0.0,DEF,4.0
44,Lamare,Bogarde,Bogarde,2,2,40,0.5,34,797,0,0,2,0,13,5,0,4,8,0.00,0.19,0.19,11.99,0.4,1.4,0.1,8.5,a,100.0,DEF,4.0
45,Lino,da Cruz Sousa,Sousa,2,2,38,0.3,0,0,0,0,0,0,0,0,0,0,0,0.00,0.00,0.00,0.00,0.0,0.0,0.0,0.0,u,0.0,DEF,3.8
46,Yasin,Özcan,Yasin,2,2,40,0.1,0,0,0,0,0,0,0,0,0,0,0,0.00,0.00,0.00,0.00,0.0,0.0,0.0,0.0,u,0.0,DEF,4.0
47,Morgan,Rogers,Rogers,2,3,75,24.5,132,2677,8,5,8,0,37,6,0,13,30,5.33,3.33,8.66,42.69,1.4,4.4,0.2,17.6,a,100.0,MID,7.5
48,Youri,Tielemans,Tielemans,2,3,59,0.6,52,1295,0,4,4,0,17,0,0,3,15,0.97,2.53,3.50,23.03,0.0,3.1,0.0,8.8,d,50.0,MID,5.9
49,Leon,Bailey,Bailey,2,3,55,0.1,12,311,0,1,0,0,8,1,0,0,2,0.31,1.15,1.46,5.02,1.6,1.5,0.3,2.2,a,100.0,MID,5.5
50,Emiliano,Buendía Stati,Buendía,2,3,53,0.4,82,1440,5,2,3,0,19,6,0,8,18,2.90,1.86,4.76,22.55,1.4,2.9,0.3,15.5,a,100.0,MID,5.3
51,Samuel,Iling-Junior,Iling Jr,2,3,55,0.0,0,0,0,0,0,0,0,0,0,0,0,0.00,0.00,0.00,0.00,0.0,0.0,0.0,0.0,u,0.0,MID,5.5
53,Donyell,Malen,Malen,2,3,51,0.4,55,640,4,2,1,0,10,0,0,3,5,4.03,0.35,4.38,10.59,0.0,2.6,0.0,10.8,u,0.0,MID,5.1
54,John,McGinn,McGinn,2,3,53,0.5,73,1651,3,2,7,0,22,3,0,4,22,2.58,2.21,4.79,27.10,0.4,3.2,0.1,13.8,a,100.0,MID,5.3
55,Ross,Barkley,Barkley,2,3,48,0.1,32,324,2,1,0,0,6,0,0,3,1,0.69,0.74,1.43,5.90,3.0,2.5,0.6,6.7,a,100.0,MID,4.8
56,Enzo,Barrenechea,Barrenechea,2,3,50,0.0,0,0,0,0,0,0,0,0,0,0,0,0.00,0.00,0.00,0.00,0.0,0.0,0.0,0.0,u,0.0,MID,5.0
57,Lewis,Dobbin,Dobbin,2,3,50,0.0,0,0,0,0,0,0,0,0,0,0,0,0.00,0.00,0.00,0.00,0.0,0.0,0.0,0.0,u,0.0,MID,5.0
58,Boubacar,Kamara,Kamara,2,3,49,0.2,61,1410,1,3,5,0,15,5,0,7,17,0.53,0.84,1.36,20.80,0.0,3.4,0.0,12.4,i,0.0,MID,4.9
59,Amadou,Onana,Onana,2,3,48,0.7,66,1468,2,0,5,0,22,2,0,3,18,1.24,0.41,1.65,24.58,1.6,3.1,0.3,13.8,a,100.0,MID,4.8
60,Ben,Broggio,Broggio,2,3,44,0.2,0,0,0,0,0,0,0,0,0,0,0,0.00,0.00,0.00,0.00,0.0,0.0,0.0,0.0,u,0.0,MID,4.4
61,Leander,Dendoncker,Dendoncker,2,3,45,0.1,0,0,0,0,0,0,0,0,0,0,0,0.00,0.00,0.00,0.00,0.0,0.0,0.0,0.0,u,0.0,MID,4.5
62,Jamaldeen,Jimoh-Aloba,Jimoh-Aloba,2,3,45,0.1,1,8,0,0,0,0,0,0,0,0,0,0.00,0.00,0.00,0.61,0.0,1.0,0.0,0.2,u,0.0,MID,4.5
63,Kadan,Young,Young,2,3,43,0.5,0,0,0,0,0,0,0,0,0,0,0,0.00,0.00,0.00,0.00,0.0,0.0,0.0,0.0,u,0.0,MID,4.3
64,Ollie,Watkins,Watkins,2,4,85,8.1,100,2203,8,2,8,0,30,3,0,11,26,10.00,1.02,11.02,35.42,1.0,3.4,0.1,11.8,a,100.0,FWD,8.5
65,Zépiqueno,Redmond,Redmond,2,4,45,0.3,0,0,0,0,0,0,0,0,0,0,0,0.00,0.00,0.00,0.00,0.0,0.0,0.0,0.0,u,0.0,FWD,4.5
389,Harvey,Elliott,Elliott,2,3,51,0.2,5,110,0,0,0,0,2,0,0,0,1,0.29,0.08,0.37,1.74,0.0,1.0,0.0,1.0,a,100.0,MID,5.1
456,Jadon,Sancho,Sancho,2,3,58,0.2,26,686,0,1,1,0,5,0,0,0,7,0.58,1.61,2.19,10.69,0.6,1.4,0.1,4.5,a,100.0,MID,5.8
688,James,Wright,Wright,2,1,39,0.6,0,0,0,0,0,0,0,0,0,0,0,0.00,0.00,0.00,0.00,0.0,0.0,0.0,0.0,a,,GK,3.9
699,Douglas Luiz,Soares de Paulo,Douglas Luiz,2,3,49,0.1,29,778,1,1,1,0,13,2,0,0,11,0.50,1.37,1.87,11.06,2.2,1.9,0.4,5.9,a,100.0,MID,4.9
701,Triston,Rowe,Rowe,2,2,40,0.1,0,0,0,0,0,0,0,0,0,0,0,0.00,0.00,0.00,0.00,0.0,0.0,0.0,0.0,u,0.0,DEF,4.0
702,Bradley,Burrowes,Burrowes,2,3,44,0.1,1,16,0,0,0,0,1,0,0,0,0,0.00,0.00,0.00,0.90,0.0,1.0,0.0,0.2,a,,MID,4.4
703,Sam,Proctor,Proctor,2,1,39,0.6,0,0,0,0,0,0,0,0,0,0,0,0.00,0.00,0.00,0.00,0.0,0.0,0.0,0.0,a,,GK,3.9
710,Travis,Patterson,Patterson,2,2,39,0.2,0,0,0,0,0,0,0,0,0,0,0,0.00,0.00,0.00,0.00,0.0,0.0,0.0,0.0,a,,DEF,3.9
719,Victor,Lindelöf,Lindelöf,2,2,45,0.1,22,572,0,1,1,0,9,0,0,0,6,0.03,0.07,0.10,10.75,0.0,1.8,0.0,4.9,a,100.0,DEF,4.5
754,George,Hemmings,George Hemmings,2,3,45,0.0,2,25,0,0,0,0,0,0,0,0,0,0.04,0.01,0.05,0.61,0.0,1.0,0.0,0.4,a,,MID,4.5
757,Ronnie,Hollingshead,Hollingshead,2,1,40,0.0,0,0,0,0,0,0,0,0,0,0,0,0.00,0.00,0.00,0.00,0.0,0.0,0.0,0.0,a,,GK,4.0
768,Leon,Routh,Leon Routh,2,2,40,0.0,0,0,0,0,0,0,0,0,0,0,0,0.00,0.00,0.00,0.00,0.0,0.0,0.0,0.0,a,,DEF,4.0
781,TJ,Carroll,Carroll,2,2,40,0.0,0,0,0,0,0,0,0,0,0,0,0,0.00,0.00,0.00,0.00,0.0,0.0,0.0,0.0,a,,DEF,4.0
792,Alysson Edward Franco,da Rocha dos Santos,Alysson,2,3,50,0.0,3,47,0,0,0,0,2,0,0,0,0,0.05,0.05,0.10,1.87,0.4,1.0,0.1,0.6,a,100.0,MID,5.0
808,Tammy,Abraham,Abraham,2,4,60,0.2,14,193,1,0,0,0,4,0,0,2,1,1.24,0.36,1.60,2.55,2.0,2.0,0.3,2.3,a,,FWD,6.0
183,Max,Weiß,Weiss,3,1,43,0.1,0,0,0,0,0,0,0,0,0,0,0,0.00,0.00,0.00,0.00,0.0,0.0,0.0,0.0,a,,GK,4.3
184,Etienne,Green,Green,3,1,40,0.2,0,0,0,0,0,0,0,0,0,0,0,0.00,0.00,0.00,0.00,0.0,0.0,0.0,0.0,u,0.0,GK,4.0
185,Václav,Hladký,Hladký,3,1,39,0.2,0,0,0,0,0,0,0,0,0,0,0,0.00,0.00,0.00,0.00,0.0,0.0,0.0,0.0,a,,GK,3.9
186,Connor,Roberts,Roberts,3,2,43,0.0,0,0,0,0,0,0,0,0,0,0,0,0.00,0.00,0.00,0.00,0.0,0.0,0.0,0.0,i,0.0,DEF,4.3
187,Kyle,Walker,Walker,3,2,44,1.1,62,2547,0,2,4,0,53,8,0,3,29,0.12,1.01,1.13,56.24,2.2,2.1,0.5,14.1,a,100.0,DEF,4.4
188,Hannes,Delcroix,Delcroix,3,2,38,0.2,0,0,0,0,0,0,0,0,0,0,0,0.00,0.00,0.00,0.00,0.0,0.0,0.0,0.0,u,0.0,DEF,3.8
189,Owen,Dodgson,Dodgson,3,2,40,0.0,0,0,0,0,0,0,0,0,0,0,0,0.00,0.00,0.00,0.00,0.0,0.0,0.0,0.0,u,0.0,DEF,4.0
190,Hjalmar,Ekdal,Ekdal,3,2,38,0.7,44,1179,0,0,2,0,24,0,0,2,13,0.21,0.24,0.45,22.73,0.0,2.9,0.0,11.6,a,,DEF,3.8
191,Maxime,Estève,Estève,3,2,39,7.7,67,2402,0,0,3,0,57,0,0,0,28,0.67,0.58,1.25,56.13,2.0,2.4,0.5,17.2,a,100.0,DEF,3.9
192,Quilindschy,Hartman,Hartman,3,2,40,0.6,53,1500,0,5,3,0,31,1,0,0,17,0.21,1.73,1.94,35.18,1.4,3.1,0.4,13.2,a,,DEF,4.0
193,Bashir,Humphreys,Humphreys,3,2,39,0.1,40,1239,0,2,2,0,27,5,0,1,13,0.32,0.62,0.94,27.57,2.0,2.7,0.5,10.3,a,100.0,DEF,3.9
194,Jordan,Beyer,Jordan,3,2,39,0.1,0,0,0,0,0,0,0,0,0,0,0,0.00,0.00,0.00,0.00,0.0,0.0,0.0,0.0,i,0.0,DEF,3.9
195,Lucas,Pires Silva,Lucas Pires,3,2,38,0.3,19,1102,0,0,1,0,25,0,1,0,12,0.33,1.20,1.53,22.87,0.6,1.3,0.2,5.0,a,100.0,DEF,3.8
196,Shurandy,Sambo,Sambo,3,2,40,0.0,0,0,0,0,0,0,0,0,0,0,0,0.00,0.00,0.00,0.00,0.0,0.0,0.0,0.0,u,0.0,DEF,4.0
197,Oliver,Sonne,Sonne,3,2,38,0.2,13,164,1,0,0,0,4,0,0,0,1,0.55,0.08,0.63,3.79,0.0,1.9,0.0,3.4,u,0.0,DEF,3.8
198,Axel,Tuanzebe,Tuanzebe,3,2,39,0.9,27,931,1,0,1,0,22,1,0,0,11,0.61,0.11,0.72,24.88,0.0,2.5,0.0,6.9,i,0.0,DEF,3.9
199,Joe,Worrall,Worrall,3,2,38,0.2,20,496,0,0,0,0,11,0,0,0,5,0.08,0.02,0.10,11.68,2.0,1.8,0.5,5.3,a,100.0,DEF,3.8
200,Jaidon,Anthony,Anthony,3,3,50,2.0,105,2108,7,3,4,0,46,4,0,6,25,3.97,2.55,6.52,47.64,4.2,3.5,0.8,21.0,a,100.0,MID,5.0
201,Manuel,Benson Hedilazio,Benson,3,3,54,0.0,0,0,0,0,0,0,0,0,0,0,0,0.00,0.00,0.00,0.00,0.0,0.0,0.0,0.0,u,0.0,MID,5.4
202,Jacob,Bruun Larsen,Bruun Larsen,3,3,53,0.0,36,961,0,1,3,0,26,0,0,0,10,1.35,1.06,2.41,22.64,0.4,1.6,0.1,6.8,a,100.0,MID,5.3
203,Enock,Agyei,Boateng,3,3,47,0.0,0,0,0,0,0,0,0,0,0,0,0,0.00,0.00,0.00,0.00,0.0,0.0,0.0,0.0,a,,MID,4.7
204,Darko,Churlinov,Churlinov,3,3,49,0.0,0,0,0,0,0,0,0,0,0,0,0,0.00,0.00,0.00,0.00,0.0,0.0,0.0,0.0,u,0.0,MID,4.9
205,Josh,Cullen,Cullen,3,3,49,0.8,70,1513,2,2,3,0,29,2,0,8,18,0.94,1.36,2.30,32.50,0.0,3.9,0.0,14.3,i,0.0,MID,4.9
206,Marcus,Edwards,Edwards,3,3,47,0.1,45,903,1,3,1,0,16,0,0,2,9,1.46,1.66,3.12,20.44,0.8,2.4,0.2,9.6,a,100.0,MID,4.7
207,Hannibal,Mejbri,Hannibal,3,3,47,0.2,52,981,1,4,2,0,22,7,0,4,12,0.56,1.33,1.89,23.52,3.2,2.3,0.7,11.1,a,100.0,MID,4.7
208,Luca,Koleosho,Koleosho,3,3,50,0.0,0,0,0,0,0,0,0,0,0,0,0,0.00,0.00,0.00,0.00,0.0,0.0,0.0,0.0,u,0.0,MID,5.0
209,Josh,Laurent,Laurent,3,3,48,0.0,50,1576,1,0,2,0,37,6,1,1,16,0.85,0.44,1.29,35.49,1.0,1.8,0.2,10.4,s,0.0,MID,4.8
210,Loum,Tchaouna,Tchaouna,3,3,49,0.0,39,846,1,1,2,0,15,1,0,0,9,0.96,0.68,1.64,16.72,0.8,1.7,0.2,8.0,a,,MID,4.9
211,Aaron,Ramsey,A.Ramsey,3,3,44,1.4,0,0,0,0,0,0,0,0,0,0,0,0.00,0.00,0.00,0.00,0.0,0.0,0.0,0.0,u,0.0,MID,4.4
212,Oluwaseun,Adewumi,Adewumi,3,3,45,0.0,0,0,0,0,0,0,0,0,0,0,0,0.00,0.00,0.00,0.00,0.0,0.0,0.0,0.0,u,0.0,MID,4.5
213,Jaydon,Banel,Banel,3,3,45,0.0,1,9,0,0,0,0,0,0,0,0,0,0.00,0.00,0.00,0.05,0.0,1.0,0.0,0.2,u,0.0,MID,4.5
214,Mike,Trésor Ndayishimiye,Trésor,3,3,43,0.1,4,19,0,0,0,0,1,0,0,0,0,0.00,0.00,0.00,0.46,0.0,1.0,0.0,0.9,d,75.0,MID,4.3
215,Zian,Flemming,Flemming,3,4,53,0.4,70,1182,8,0,3,0,22,3,0,6,14,6.02,0.31,6.33,25.94,4.6,3.2,0.9,13.2,a,100.0,FWD,5.3
216,Zeki,Amdouni,Amdouni,3,4,48,0.0,0,0,0,0,0,0,0,0,0,0,0,0.00,0.00,0.00,0.00,0.0,0.0,0.0,0.0,i,0.0,FWD,4.8
217,Lyle,Foster,Foster,3,4,49,0.8,55,1296,3,2,4,0,27,4,0,4,15,3.05,0.35,3.40,26.01,1.8,2.4,0.4,11.2,a,100.0,FWD,4.9
218,Ashley,Barnes,Barnes,3,4,42,1.4,5,35,0,0,0,0,3,1,0,0,0,0.11,0.00,0.11,2.12,0.8,1.0,0.2,1.2,a,,FWD,4.2
219,Michael,Obafemi,Obafemi,3,4,44,0.1,0,0,0,0,0,0,0,0,0,0,0,0.00,0.00,0.00,0.00,0.0,0.0,0.0,0.0,u,0.0,FWD,4.4
470,Martin,Dúbravka,Dúbravka,3,1,40,32.0,88,2790,0,0,4,111,61,1,0,7,31,0.00,0.04,0.04,63.04,2.4,2.8,0.6,22.0,a,100.0,GK,4.0
614,James,Ward-Prowse,Ward-Prowse,3,3,56,0.2,25,728,0,1,2,0,17,1,0,0,8,0.13,1.22,1.35,14.80,2.6,2.3,0.5,4.5,a,100.0,MID,5.6
676,Lesley,Ugochukwu,Ugochukwu,3,3,50,0.1,84,1967,3,2,3,0,44,1,1,5,22,2.25,0.29,2.54,45.94,1.4,2.8,0.3,16.8,a,100.0,MID,5.0
680,Armando,Broja,Broja,3,4,52,0.2,39,807,1,1,1,0,25,0,0,2,8,2.14,0.13,2.27,21.70,0.2,1.9,0.0,7.5,a,100.0,FWD,5.2
722,Florentino Ibrain,Morris Luís,Florentino,3,3,50,0.0,66,1651,0,2,2,0,37,4,0,0,20,0.55,0.39,0.94,37.28,0.4,2.8,0.1,13.2,a,,MID,5.0
776,Oliver,Pimlott,Pimlott,3,3,45,0.0,0,0,0,0,0,0,0,0,0,0,0,0.00,0.00,0.00,0.00,0.0,0.0,0.0,0.0,a,,MID,4.5
784,George,Brierley,Brierley,3,3,45,0.0,0,0,0,0,0,0,0,0,0,0,0,0.00,0.00,0.00,0.00,0.0,0.0,0.0,0.0,a,,MID,4.5
820,Kian,McMahon-Brown,McMahon-Brown,3,3,45,0.0,0,0,0,0,0,0,0,0,0,0,0,0.00,0.00,0.00,0.00,0.0,0.0,0.0,0.0,a,,MID,4.5
66,Norberto,Murara Neto,Neto,4,1,45,0.1,0,0,0,0,0,0,0,0,0,0,0,0.00,0.00,0.00,0.00,0.0,0.0,0.0,0.0,u,0.0,GK,4.5
67,Đorđe,Petrović,Petrović,4,1,45,5.2,102,2790,0,0,9,94,48,2,0,5,31,0.00,0.00,0.00,46.36,5.2,3.3,1.2,22.7,a,,GK,4.5
68,Will,Dennis,Dennis,4,1,40,0.7,0,0,0,0,0,0,0,0,0,0,0,0.00,0.00,0.00,0.00,0.0,0.0,0.0,0.0,u,0.0,GK,4.0
69,Callan,McKenna,McKenna,4,1,39,0.3,0,0,0,0,0,0,0,0,0,0,0,0.00,0.00,0.00,0.00,0.0,0.0,0.0,0.0,a,,GK,3.9
70,Alex,Paulsen,Paulsen,4,1,40,0.1,0,0,0,0,0,0,0,0,0,0,0,0.00,0.00,0.00,0.00,0.0,0.0,0.0,0.0,u,0.0,GK,4.0
71,Illia,Zabarnyi,Zabarnyi,4,2,50,0.0,0,0,0,0,0,0,0,0,0,0,0,0.00,0.00,0.00,0.00,0.0,0.0,0.0,0.0,u,0.0,DEF,5.0
72,Marcos,Senesi Barón,Senesi,4,2,51,19.8,137,2658,0,4,9,0,47,8,0,11,30,1.40,4.09,5.49,44.41,6.2,4.6,1.2,26.9,a,100.0,DEF,5.1
73,Adam,Smith,Smith,4,2,44,0.2,38,804,0,1,4,0,15,3,0,2,11,0.00,0.20,0.20,13.83,1.8,2.1,0.4,8.6,a,100.0,DEF,4.4
74,Adrien,Truffert,Truffert,4,2,46,3.2,122,2748,0,3,9,0,45,3,0,12,31,0.42,2.43,2.85,44.06,6.6,3.9,1.4,26.5,a,,DEF,4.6
75,Matai,Akinmboni,Akinmboni,4,2,38,0.2,0,0,0,0,0,0,0,0,0,0,0,0.00,0.00,0.00,0.00,0.0,0.0,0.0,0.0,a,100.0,DEF,3.8
76,Owen,Bevan,Bevan,4,2,38,0.2,0,0,0,0,0,0,0,0,0,0,0,0.00,0.00,0.00,0.00,0.0,0.0,0.0,0.0,a,,DEF,3.8
77,James,Hill,Hill,4,2,42,7.7,82,1472,0,3,6,0,18,2,0,2,15,0.67,1.05,1.71,23.06,4.6,3.7,1.1,19.5,a,,DEF,4.2
78,Julián,Araujo Zúñiga,J.Araujo,4,2,38,0.5,0,0,0,0,0,0,0,0,0,0,0,0.00,0.00,0.00,0.00,0.0,0.0,0.0,0.0,u,0.0,DEF,3.8
79,Chris,Mepham,Mepham,4,2,40,0.1,0,0,0,0,0,0,0,0,0,0,0,0.00,0.00,0.00,0.00,0.0,0.0,0.0,0.0,u,0.0,DEF,4.0
80,Julio,Soler Barreto,Soler,4,2,40,0.2,3,34,0,0,0,0,2,0,0,0,0,0.00,0.00,0.00,1.62,0.0,1.0,0.0,0.8,i,0.0,DEF,4.0
81,Justin,Kluivert,Kluivert,4,3,69,0.6,40,914,2,0,4,0,18,4,0,3,10,2.24,1.54,3.78,16.78,0.0,2.2,0.0,5.8,i,0.0,MID,6.9
84,Marcus,Tavernier,Tavernier,4,3,54,2.2,109,2122,5,4,9,0,39,4,0,10,24,7.22,3.19,10.41,32.52,3.0,4.0,0.6,20.2,a,100.0,MID,5.4
85,Tyler,Adams,Adams,4,3,49,0.3,60,1412,2,1,6,0,24,7,0,3,18,0.56,0.37,0.93,20.86,2.0,3.3,0.4,12.2,i,0.0,MID,4.9
86,David,Brooks,Brooks,4,3,50,0.2,48,1041,1,2,4,0,18,7,0,4,12,4.90,3.14,8.04,16.96,0.8,1.9,0.2,9.6,a,100.0,MID,5.0
87,Ryan,Christie,Christie,4,3,49,0.1,42,711,2,1,2,0,12,2,0,2,5,1.61,0.56,2.17,15.10,3.6,2.0,0.7,8.6,a,100.0,MID,4.9
88,Lewis,Cook,Cook,4,3,49,0.0,38,870,0,1,1,0,18,1,1,0,8,0.07,0.52,0.59,13.49,0.0,2.4,0.0,7.8,i,0.0,MID,4.9
89,Philip,Billing,Philip,4,3,49,0.0,0,0,0,0,0,0,0,0,0,0,0,0.00,0.00,0.00,0.00,0.0,0.0,0.0,0.0,u,0.0,MID,4.9
90,Alex,Scott,Scott,4,3,51,1.2,108,2308,2,2,9,0,36,3,0,6,28,3.33,1.73,5.06,38.73,3.6,3.5,0.7,21.2,a,100.0,MID,5.1
91,Luis,Sinisterra Lucumí,Sinisterra,4,3,50,0.0,0,0,0,0,0,0,0,0,0,0,0,0.00,0.00,0.00,0.00,0.0,0.0,0.0,0.0,u,0.0,MID,5.0
92,Romain,Faivre,Faivre,4,3,45,0.1,0,0,0,0,0,0,0,0,0,0,0,0.00,0.00,0.00,0.00,0.0,0.0,0.0,0.0,u,0.0,MID,4.5
93,Hamed,Traorè,H.Traorè,4,3,45,0.3,4,16,0,1,0,0,2,0,0,0,0,0.00,0.00,0.00,0.40,0.0,4.0,0.0,0.9,u,0.0,MID,4.5
94,Dominic,Sadi,Sadi,4,3,45,0.0,0,0,0,0,0,0,0,0,0,0,0,0.00,0.00,0.00,0.00,0.0,0.0,0.0,0.0,u,0.0,MID,4.5
95,Zain,Silcott-Duberry,Silcott-Duberry,4,3,44,0.1,0,0,0,0,0,0,0,0,0,0,0,0.00,0.00,0.00,0.00,0.0,0.0,0.0,0.0,u,0.0,MID,4.4
96,Ben,Winterburn,Winterburn,4,3,45,0.0,1,6,0,0,0,0,2,0,0,0,0,0.00,0.00,0.00,0.31,0.0,1.0,0.0,0.2,u,0.0,MID,4.5
97,Francisco Evanilson,de Lima Barbosa,Evanilson,4,4,68,2.2,94,2193,6,4,9,0,35,1,0,6,25,8.30,1.14,9.44,31.79,3.4,3.2,0.5,13.8,a,100.0,FWD,6.8
98,Enes,Ünal,Enes Ünal,4,4,54,0.0,21,173,1,0,0,0,2,1,0,1,0,1.85,0.06,1.91,3.45,0.8,1.2,0.1,3.9,a,100.0,FWD,5.4
99,Daniel,Adu-Adjei,Adu-Adjei,4,4,44,0.1,0,0,0,0,0,0,0,0,0,0,0,0.00,0.00,0.00,0.00,0.0,0.0,0.0,0.0,u,0.0,FWD,4.4
100,Junior,Kroupi,Kroupi.Jr,4,4,47,6.1,79,1148,9,0,6,0,18,3,0,7,14,5.84,0.99,6.83,19.45,2.4,3.0,0.5,16.8,a,,FWD,4.7
391,Ben,Gannon-Doak,Gannon-Doak,4,3,48,0.0,8,56,0,1,0,0,1,0,0,0,0,0.09,0.10,0.19,2.68,0.2,1.6,0.0,1.7,a,100.0,MID,4.8
685,Bafodé,Diakité,Diakité,4,2,42,0.3,46,1275,0,0,4,0,27,1,0,2,15,0.02,0.19,0.21,22.47,0.0,2.6,0.0,11.0,a,100.0,DEF,4.2
687,Remy,Rees-Dottin,Rees-Dottin,4,3,43,0.2,0,0,0,0,0,0,0,0,0,0,0,0.00,0.00,0.00,0.00,0.0,0.0,0.0,0.0,a,,MID,4.3
697,Amine,Adli,Adli,4,3,54,0.4,63,1024,3,2,3,0,16,2,0,4,10,2.55,1.59,4.14,16.45,1.6,2.3,0.3,11.7,a,,MID,5.4
713,Álex,Jiménez Sánchez,A.Jimenez,4,2,45,0.3,64,1956,1,2,5,0,35,9,0,2,22,1.06,1.54,2.60,35.61,3.4,2.4,0.8,14.2,a,,DEF,4.5
721,Veljko,Milosavljevic,Milosavljević,4,2,44,0.0,19,367,0,0,1,0,6,0,0,0,4,0.15,0.19,0.34,4.42,0.0,2.7,0.0,4.3,a,100.0,DEF,4.4
756,Malcom,DaCosta,DaCosta,4,3,45,0.0,0,0,0,0,0,0,0,0,0,0,0,0.00,0.00,0.00,0.00,0.0,0.0,0.0,0.0,a,,MID,4.5
782,Fraser,Forster,Forster,4,1,40,0.0,0,0,0,0,0,0,0,0,0,0,0,0.00,0.00,0.00,0.00,0.0,0.0,0.0,0.0,a,,GK,4.0
799,Charlie,Stevens,Stevens,4,3,45,0.0,0,0,0,0,0,0,0,0,0,0,0,0.00,0.00,0.00,0.00,0.0,0.0,0.0,0.0,a,,MID,4.5
801,Alex,Tóth,Tóth.A,4,3,49,0.0,3,71,0,0,0,0,1,1,0,0,1,0.06,0.25,0.31,2.34,0.0,0.8,0.0,0.6,a,,MID,4.9
806,Christos,Mandas,Mandas,4,1,40,0.0,0,0,0,0,0,0,0,0,0,0,0,0.00,0.00,0.00,0.00,0.0,0.0,0.0,0.0,a,,GK,4.0
807,Rayan Vitor,Simplício Rocha,Rayan,4,3,56,2.3,32,623,2,1,3,0,5,1,0,2,7,1.06,1.25,2.31,12.19,2.6,4.0,0.5,5.7,a,,MID,5.6
27,Reiss,Nelson,Nelson,5,3,48,0.1,7,55,0,0,0,0,1,0,0,0,0,0.68,0.07,0.75,1.27,0.2,1.0,0.0,1.5,a,100.0,MID,4.8
83,Dango,Ouattara,O.Dango,5,3,60,4.0,105,1697,5,7,4,0,26,4,0,13,19,5.39,3.28,8.67,24.14,3.6,4.4,0.6,17.5,a,100.0,MID,6.0
101,Caoimhín,Kelleher,Kelleher,5,1,48,13.5,105,2610,0,0,7,77,39,1,0,6,29,0.00,0.22,0.22,40.73,1.8,3.6,0.4,21.9,a,100.0,GK,4.8
102,Ellery,Balcombe,Balcombe,5,1,39,0.3,0,0,0,0,0,0,0,0,0,0,0,0.00,0.00,0.00,0.00,0.0,0.0,0.0,0.0,a,,GK,3.9
103,Matthew,Cox,Cox,5,1,39,0.1,0,0,0,0,0,0,0,0,0,0,0,0.00,0.00,0.00,0.00,0.0,0.0,0.0,0.0,u,0.0,GK,3.9
104,Julian,Eyestone,Eyestone,5,1,39,0.1,0,0,0,0,0,0,0,0,0,0,0,0.00,0.00,0.00,0.00,0.0,0.0,0.0,0.0,a,,GK,3.9
105,Hákon Rafn,Valdimarsson,Valdimarsson,5,1,39,0.6,1,90,0,0,0,1,3,0,0,0,1,0.00,0.00,0.00,0.97,0.2,1.0,0.1,0.3,a,,GK,3.9
106,Nathan,Collins,Collins,5,2,49,2.9,99,2251,1,2,6,0,34,5,0,7,24,1.58,1.28,2.86,34.77,1.4,3.7,0.3,20.2,a,,DEF,4.9
107,Keane,Lewis-Potter,Lewis-Potter,5,2,48,1.7,83,1242,3,2,6,0,22,1,0,3,14,2.10,1.27,3.37,21.99,1.2,3.0,0.3,17.3,a,,DEF,4.8
108,Kristoffer,Ajer,Ajer,5,2,44,0.3,70,1624,0,2,5,0,27,3,0,1,18,0.69,0.72,1.41,26.82,1.6,2.9,0.4,15.9,a,100.0,DEF,4.4
109,Rico,Henry,Henry,5,2,43,0.2,52,1322,0,2,4,0,22,2,0,0,14,0.18,0.54,0.72,23.91,1.2,2.1,0.3,12.1,i,0.0,DEF,4.3
110,Michael,Kayode,Kayode,5,2,45,1.0,86,2538,1,1,7,0,39,6,0,7,29,0.63,2.60,3.23,39.90,2.6,3.0,0.6,19.1,a,100.0,DEF,4.5
111,Ethan,Pinnock,Pinnock,5,2,42,0.1,4,228,0,0,0,0,5,1,0,0,3,0.00,0.06,0.06,3.18,0.0,1.3,0.0,1.0,a,100.0,DEF,4.2
112,Mads,Roerslev Rasmussen,Roerslev,5,2,45,0.0,0,0,0,0,0,0,0,0,0,0,0,0.00,0.00,0.00,0.00,0.0,0.0,0.0,0.0,u,0.0,DEF,4.5
113,Sepp,van den Berg,Van den Berg,5,2,46,1.5,84,2213,0,2,5,0,36,1,0,3,24,2.87,0.80,3.67,33.51,3.2,3.4,0.7,18.3,a,100.0,DEF,4.6
114,Benjamin,Arthur,Arthur,5,2,38,0.2,0,0,0,0,0,0,0,0,0,0,0,0.00,0.00,0.00,0.00,0.0,0.0,0.0,0.0,u,0.0,DEF,3.8
115,Benjamin,Fredrick,Fredrick,5,2,40,0.1,0,0,0,0,0,0,0,0,0,0,0,0.00,0.00,0.00,0.00,0.0,0.0,0.0,0.0,u,0.0,DEF,4.0
116,Aaron,Hickey,Hickey,5,2,40,0.4,33,588,0,0,2,0,8,1,0,0,7,0.40,0.17,0.57,6.47,0.2,1.8,0.0,8.2,i,0.0,DEF,4.0
117,Kim,Ji-soo,Ji-soo,5,2,39,0.1,0,0,0,0,0,0,0,0,0,0,0,0.00,0.00,0.00,0.00,0.0,0.0,0.0,0.0,u,0.0,DEF,3.9
118,Jayden,Meghoma,Meghoma,5,2,40,0.0,0,0,0,0,0,0,0,0,0,0,0,0.00,0.00,0.00,0.00,0.0,0.0,0.0,0.0,u,0.0,DEF,4.0
120,Kevin,Schade,Schade,5,3,69,2.0,99,2130,7,4,8,0,26,6,1,5,25,9.69,1.86,11.55,29.07,2.6,3.7,0.4,14.3,a,100.0,MID,6.9
121,Mikkel,Damsgaard,Damsgaard,5,3,56,1.0,87,1566,3,4,3,0,26,0,0,6,18,1.85,4.13,5.98,23.29,4.8,3.3,0.9,15.5,d,75.0,MID,5.6
122,Antoni,Milambo,Milambo,5,3,52,0.0,1,45,0,0,0,0,3,0,0,0,1,0.00,0.01,0.01,1.49,0.0,1.0,0.0,0.2,i,0.0,MID,5.2
123,Fábio,Freitas Gouveia Carvalho,Carvalho,5,3,47,0.1,13,100,1,0,0,0,4,0,0,1,1,0.70,0.03,0.73,2.08,0.0,2.2,0.0,2.8,i,0.0,MID,4.7
124,Jordan,Henderson,Henderson,5,3,50,0.3,70,1724,1,3,5,0,26,4,0,5,20,0.33,2.25,2.58,25.43,1.6,2.5,0.3,14.0,a,100.0,MID,5.0
125,Vitaly,Janelt,Janelt,5,3,49,0.1,70,1253,1,4,5,0,16,7,0,6,13,0.82,1.88,2.70,20.22,0.2,3.2,0.0,14.3,i,0.0,MID,4.9
126,Mathias,Jensen,Jensen,5,3,49,0.1,67,1555,2,2,6,0,23,3,0,0,18,1.93,3.96,5.89,24.11,2.0,2.4,0.4,13.7,a,,MID,4.9
127,Gustavo,Nunes Fernandes Gomes,Nunes,5,3,49,0.0,0,0,0,0,0,0,0,0,0,0,0,0.00,0.00,0.00,0.00,0.0,0.0,0.0,0.0,u,0.0,MID,4.9
128,Frank,Onyeka,Onyeka,5,3,48,0.0,12,88,0,2,0,0,2,0,0,0,0,0.00,0.36,0.36,2.02,0.0,2.0,0.0,2.5,u,0.0,MID,4.8
129,Yehor,Yarmoliuk,Yarmoliuk,5,3,50,0.1,77,2036,1,2,5,0,34,7,0,0,23,1.19,1.24,2.43,31.00,0.6,2.6,0.1,15.4,a,100.0,MID,5.0
130,Romelle,Donovan,Donovan,5,3,44,0.1,4,38,0,0,0,0,0,0,0,0,0,0.09,0.01,0.10,0.39,0.4,1.0,0.1,0.9,a,,MID,4.4
131,Yunus Emre,Konak,Konak,5,3,43,0.1,0,0,0,0,0,0,0,0,0,0,0,0.00,0.00,0.00,0.00,0.0,0.0,0.0,0.0,u,0.0,MID,4.3
132,Paris,Maghoma,Maghoma,5,3,45,0.0,0,0,0,0,0,0,0,0,0,0,0,0.00,0.00,0.00,0.00,0.0,0.0,0.0,0.0,u,0.0,MID,4.5
133,Myles,Peart-Harris,Peart-Harris,5,3,44,0.0,1,1,0,0,0,0,0,0,0,0,0,0.00,0.00,0.00,0.00,0.0,1.0,0.0,0.2,u,0.0,MID,4.4
134,Ryan,Trevitt,Trevitt,5,3,45,0.0,0,0,0,0,0,0,0,0,0,0,0,0.00,0.00,0.00,0.00,0.0,0.0,0.0,0.0,u,0.0,MID,4.5
136,Igor Thiago,Nascimento Rodrigues,Thiago,5,4,73,36.7,149,2562,19,1,7,0,40,6,0,19,29,17.49,1.63,19.12,40.42,3.2,5.0,0.4,20.4,a,100.0,FWD,7.3
137,Iwan,Morgan,Morgan,5,4,44,0.3,0,0,0,0,0,0,0,0,0,0,0,0.00,0.00,0.00,0.00,0.0,0.0,0.0,0.0,u,0.0,FWD,4.4
748,Josh,Dasilva,Dasilva,5,3,49,0.0,0,0,0,0,0,0,0,0,0,0,0,0.00,0.00,0.00,0.00,0.0,0.0,0.0,0.0,i,0.0,MID,4.9
797,Kaye,Furo,Furo,5,4,45,0.0,0,0,0,0,0,0,0,0,0,0,0,0.00,0.00,0.00,0.00,0.0,0.0,0.0,0.0,a,,FWD,4.5
810,Luka,Bentt,Bentt,5,3,45,0.0,0,0,0,0,0,0,0,0,0,0,0,0.00,0.00,0.00,0.00,0.0,0.0,0.0,0.0,a,,MID,4.5
819,Ollie,Shield,Shield,5,2,40,0.0,0,0,0,0,0,0,0,0,0,0,0,0.00,0.00,0.00,0.00,0.0,0.0,0.0,0.0,a,,DEF,4.0
138,Jason,Steele,Steele,6,1,42,0.2,0,0,0,0,0,0,0,0,0,0,0,0.00,0.00,0.00,0.00,0.0,0.0,0.0,0.0,a,,GK,4.2
139,Bart,Verbruggen,Verbruggen,6,1,45,5.5,101,2790,0,0,7,87,37,3,0,4,31,0.00,0.06,0.06,41.02,4.4,3.3,1.0,22.4,a,,GK,4.5
140,Tom,McGill,McGill,6,1,39,0.3,0,0,0,0,0,0,0,0,0,0,0,0.00,0.00,0.00,0.00,0.0,0.0,0.0,0.0,a,,GK,3.9
141,Carl,Rushworth,Rushworth,6,1,40,0.0,0,0,0,0,0,0,0,0,0,0,0,0.00,0.00,0.00,0.00,0.0,0.0,0.0,0.0,u,0.0,GK,4.0
142,Kjell,Scherpen,Scherpen,6,1,40,0.0,0,0,0,0,0,0,0,0,0,0,0,0.00,0.00,0.00,0.00,0.0,0.0,0.0,0.0,u,0.0,GK,4.0
143,Olivier,Boscagli,Boscagli,6,2,42,0.1,21,439,0,1,1,0,5,2,0,2,5,0.05,0.31,0.36,5.37,0.2,2.6,0.0,5.0,a,,DEF,4.2
144,Diego,Coppola,Coppola,6,2,42,0.0,10,193,0,0,1,0,3,2,0,0,2,0.00,0.01,0.01,4.52,0.0,2.0,0.0,2.4,u,0.0,DEF,4.2
145,Maxim,De Cuyper,De Cuyper,6,2,43,1.7,61,1145,2,0,4,0,18,2,0,6,14,1.55,2.15,3.70,20.84,0.6,2.5,0.1,14.2,a,100.0,DEF,4.3
146,Lewis,Dunk,Dunk,6,2,45,1.0,82,2565,0,1,6,0,35,10,0,3,28,1.30,0.51,1.81,38.31,3.8,2.8,0.8,18.2,s,0.0,DEF,4.5
147,Pervis,Estupiñán Tenorio,Estupiñan,6,2,45,0.0,0,0,0,0,0,0,0,0,0,0,0,0.00,0.00,0.00,0.00,0.0,0.0,0.0,0.0,u,0.0,DEF,4.5
148,Ferdi,Kadıoğlu,F.Kadıoğlu,6,2,44,0.4,86,2500,0,2,7,0,32,6,0,4,27,1.61,2.40,4.01,36.57,4.2,2.9,1.0,19.5,a,,DEF,4.4
149,Igor Julio,dos Santos de Paulo,Igor,6,2,45,0.1,6,103,0,0,0,0,3,0,0,0,1,0.00,0.00,0.00,4.66,0.0,1.5,0.0,1.3,a,100.0,DEF,4.5
150,Tariq,Lamptey,Lamptey,6,2,44,0.1,0,0,0,0,0,0,0,0,0,0,0,0.00,0.00,0.00,0.00,0.0,0.0,0.0,0.0,u,0.0,DEF,4.4
151,Jan Paul,van Hecke,Van Hecke,6,2,45,4.7,120,2580,3,2,7,0,35,7,0,8,29,2.18,1.17,3.34,38.23,5.6,4.1,1.2,26.7,a,100.0,DEF,4.5
152,Joël,Veltman,Veltman,6,2,43,0.1,36,842,1,0,1,0,12,4,0,1,8,0.99,0.12,1.11,14.85,1.0,1.9,0.2,8.4,a,100.0,DEF,4.3
153,Adam,Webster,Webster,6,2,44,0.0,0,0,0,0,0,0,0,0,0,0,0,0.00,0.00,0.00,0.00,0.0,0.0,0.0,0.0,i,0.0,DEF,4.4
154,Eiran,Cashin,Cashin,6,2,40,0.0,0,0,0,0,0,0,0,0,0,0,0,0.00,0.00,0.00,0.00,0.0,0.0,0.0,0.0,u,0.0,DEF,4.0
155,Jacob,Slater,Slater,6,2,40,0.1,0,0,0,0,0,0,0,0,0,0,0,0.00,0.00,0.00,0.00,0.0,0.0,0.0,0.0,u,0.0,DEF,4.0
156,Charlie,Tasker,Tasker,6,2,38,0.2,0,0,0,0,0,0,0,0,0,0,0,0.00,0.00,0.00,0.00,0.0,0.0,0.0,0.0,a,,DEF,3.8
157,Mitoma,Kaoru,Mitoma,6,3,61,1.8,51,1422,2,1,4,0,16,3,0,2,16,3.27,2.43,5.70,18.93,1.2,2.5,0.2,8.4,a,100.0,MID,6.1
158,Georginio,Rutter,Georginio,6,3,56,0.3,70,1599,2,4,6,0,17,2,0,2,19,2.26,2.20,4.46,19.69,1.0,2.8,0.2,12.5,a,100.0,MID,5.6
159,Solly,March,March,6,3,58,0.0,1,4,0,0,0,0,0,0,0,0,0,0.00,0.00,0.00,0.25,0.2,1.0,0.0,0.2,a,100.0,MID,5.8
160,Yankuba,Minteh,Minteh,6,3,55,1.8,95,1829,2,8,7,0,27,2,0,8,20,3.22,3.93,7.15,27.46,2.2,3.5,0.4,17.3,a,100.0,MID,5.5
161,Julio,Enciso Espínola,Enciso,6,3,54,0.0,0,0,0,0,0,0,0,0,0,0,0,0.00,0.00,0.00,0.00,0.0,0.0,0.0,0.0,u,0.0,MID,5.4
162,Brajan,Gruda,Gruda,6,3,54,0.0,35,708,1,1,2,0,11,2,0,2,8,1.86,0.88,2.74,13.82,0.0,1.9,0.0,6.5,u,0.0,MID,5.4
163,Jack,Hinshelwood,Hinshelwood,6,3,51,0.1,58,1170,1,5,3,0,17,0,0,2,13,2.22,1.59,3.81,21.23,4.2,2.9,0.8,11.4,a,100.0,MID,5.1
164,Matt,O'Riley,O'Riley,6,3,55,0.3,14,186,1,0,1,0,2,0,0,2,2,1.21,0.18,1.39,2.41,0.2,3.5,0.0,2.5,a,100.0,MID,5.5
165,Abdallah,Sima,Sima,6,3,54,0.0,0,0,0,0,0,0,0,0,0,0,0,0.00,0.00,0.00,0.00,0.0,0.0,0.0,0.0,u,0.0,MID,5.4
166,Yasin,Ayari,Ayari,6,3,48,0.4,85,1720,3,3,5,0,21,1,0,7,18,2.61,1.12,3.73,24.72,0.4,3.5,0.1,17.7,a,100.0,MID,4.8
167,Carlos,Baleba,Baleba,6,3,45,1.5,41,1275,0,0,4,0,17,5,0,0,19,0.56,0.28,0.84,17.02,1.0,1.6,0.2,9.1,a,100.0,MID,4.5
169,Diego,Gómez Amarilla,Gomez,6,3,49,0.4,89,1928,5,1,7,0,25,9,0,9,23,5.27,1.66,6.93,26.79,6.0,3.2,1.2,18.2,a,100.0,MID,4.9
170,James,Milner,Milner,6,3,49,0.1,34,714,1,1,2,0,14,2,0,0,6,1.03,0.65,1.68,11.32,2.0,1.8,0.4,6.9,a,100.0,MID,4.9
171,Jeremy,Sarmiento Morante,Sarmiento,6,3,49,0.0,0,0,0,0,0,0,0,0,0,0,0,0.00,0.00,0.00,0.00,0.0,0.0,0.0,0.0,u,0.0,MID,4.9
172,Tom,Watson,Watson,6,3,48,0.0,5,57,0,0,0,0,2,1,0,0,0,0.04,0.03,0.07,1.72,0.0,0.8,0.0,1.0,u,0.0,MID,4.8
173,Mats,Wieffer,Wieffer,6,3,49,0.1,71,1569,0,4,5,0,20,7,0,3,18,1.68,1.79,3.47,19.87,2.6,3.4,0.5,14.5,a,100.0,MID,4.9
174,Malick,Yalcouyé,Yalcouye,6,3,50,0.0,0,0,0,0,0,0,0,0,0,0,0,0.00,0.00,0.00,0.00,0.0,0.0,0.0,0.0,u,0.0,MID,5.0
175,Joe,Knight,Knight,6,3,44,0.1,1,1,0,0,0,0,0,0,0,0,0,0.00,0.00,0.00,0.00,0.0,1.0,0.0,0.2,u,0.0,MID,4.4
176,Adrian,Mazilu,Mazilu,6,3,45,0.0,0,0,0,0,0,0,0,0,0,0,0,0.00,0.00,0.00,0.00,0.0,0.0,0.0,0.0,u,0.0,MID,4.5
177,Andrew,Moran,Moran,6,3,45,0.0,0,0,0,0,0,0,0,0,0,0,0,0.00,0.00,0.00,0.00,0.0,0.0,0.0,0.0,u,0.0,MID,4.5
178,Danny,Welbeck,Welbeck,6,4,61,4.1,103,1817,12,0,7,0,22,5,0,14,20,10.32,1.31,11.63,25.63,6.0,3.4,1.0,16.9,a,100.0,FWD,6.1
179,Evan,Ferguson,Ferguson,6,4,55,0.0,0,0,0,0,0,0,0,0,0,0,0,0.00,0.00,0.00,0.00,0.0,0.0,0.0,0.0,u,0.0,FWD,5.5
180,Stefanos,Tzimas,Tzimas,6,4,52,0.1,16,132,1,1,0,0,2,0,0,0,1,0.44,0.11,0.55,2.59,0.0,1.8,0.0,3.1,i,0.0,FWD,5.2
181,Charalampos,Kostoulas,Kostoulas,6,4,48,0.3,30,292,2,1,1,0,7,2,0,3,2,1.70,0.23,1.93,4.62,0.0,1.9,0.0,6.2,a,,FWD,4.8
744,Nehemiah,Oriola,Oriola,6,3,45,0.0,1,1,0,0,0,0,0,0,0,0,0,0.00,0.00,0.00,0.00,0.0,1.0,0.0,0.2,a,,MID,4.5
761,Freddie,Simmonds,Simmonds,6,2,40,0.0,0,0,0,0,0,0,0,0,0,0,0,0.00,0.00,0.00,0.00,0.0,0.0,0.0,0.0,a,,DEF,4.0
783,Pascal,Groß,Groß,6,3,55,0.1,43,1006,1,2,3,0,8,2,0,4,11,0.78,2.38,3.16,12.32,4.0,3.6,0.7,7.8,a,,MID,5.5
795,Harry,Howell,Howell,6,3,45,0.0,4,92,0,0,0,0,2,0,0,0,1,0.00,0.03,0.03,1.04,0.2,1.3,0.0,0.9,a,,MID,4.5
220,Robert,Lynch Sánchez,Sánchez,7,1,48,13.2,102,2524,0,1,9,80,36,3,1,7,29,0.00,0.04,0.04,38.11,1.8,3.5,0.4,21.2,a,100.0,GK,4.8
221,Filip,Jörgensen,Jörgensen,7,1,43,0.2,6,264,0,0,0,6,4,0,0,0,2,0.00,0.00,0.00,3.56,0.6,2.0,0.1,1.4,i,0.0,GK,4.3
222,Mike,Penders,Penders,7,1,40,0.0,0,0,0,0,0,0,0,0,0,0,0,0.00,0.00,0.00,0.00,0.0,0.0,0.0,0.0,u,0.0,GK,4.0
223,Gabriel,Słonina,Slonina,7,1,39,0.1,0,0,0,0,0,0,0,0,0,0,0,0.00,0.00,0.00,0.00,0.0,0.0,0.0,0.0,a,,GK,3.9
224,Marc,Cucurella Saseta,Cucurella,7,2,60,14.2,94,2076,1,3,9,0,25,5,1,5,24,1.73,2.98,4.71,30.36,0.8,3.5,0.1,15.7,a,100.0,DEF,6.0
225,Reece,James,James,7,2,56,7.6,113,1892,2,6,8,0,20,4,0,11,20,1.02,3.15,4.17,28.24,3.2,4.2,0.6,20.2,i,0.0,DEF,5.6
226,Trevoh,Chalobah,Chalobah,7,2,55,15.1,131,2550,3,1,9,0,34,3,1,7,29,1.30,1.01,2.31,36.15,1.4,4.5,0.3,23.8,i,0.0,DEF,5.5
227,Levi,Samuels Colwill,Colwill,7,2,47,0.1,0,0,0,0,0,0,0,0,0,0,0,0.00,0.00,0.00,0.00,0.0,0.0,0.0,0.0,i,0.0,DEF,4.7
228,Malo,Gusto,Gusto,7,2,49,1.9,91,1734,2,3,7,0,23,2,1,7,20,1.46,1.88,3.34,28.20,2.8,3.2,0.6,18.6,d,75.0,DEF,4.9
229,Benoît,Badiashile Mukinayi,B.Badiashile,7,2,44,0.0,7,470,0,0,0,0,10,2,0,0,6,0.00,0.06,0.06,7.41,0.0,0.9,0.0,1.6,d,75.0,DEF,4.4
230,Wesley,Fofana,Fofana,7,2,44,0.4,55,1272,0,1,4,0,16,4,1,3,14,0.60,0.58,1.18,18.12,1.2,2.9,0.3,12.5,a,100.0,DEF,4.4
231,Mamadou,Sarr,M.Sarr,7,2,45,0.0,2,91,0,0,0,0,3,0,0,0,1,0.35,0.00,0.35,1.42,0.4,1.0,0.1,0.4,a,100.0,DEF,4.5
232,Tosin,Adarabioyo,Tosin,7,2,40,0.3,34,743,0,0,2,0,12,2,0,2,7,0.11,0.40,0.50,11.97,0.8,2.3,0.2,8.5,a,100.0,DEF,4.0
233,Josh,Acheampong,Acheampong,7,2,37,1.7,33,567,1,0,2,0,12,1,0,5,7,0.60,0.13,0.73,13.91,0.2,2.8,0.1,8.9,a,100.0,DEF,3.7
234,Aarón,Anselmino,Anselmino,7,2,40,0.1,0,0,0,0,0,0,0,0,0,0,0,0.00,0.00,0.00,0.00,0.0,0.0,0.0,0.0,u,0.0,DEF,4.0
235,Cole,Palmer,Palmer,7,3,106,16.7,96,1416,9,2,3,0,22,4,0,9,18,8.56,1.89,10.45,22.23,3.4,4.8,0.3,9.1,a,100.0,MID,10.6
236,Pedro,Lomba Neto,Neto,7,3,70,4.1,108,2207,5,5,11,0,23,2,1,8,25,4.33,5.66,9.99,29.59,1.8,3.7,0.3,15.4,a,100.0,MID,7.0
237,Enzo,Fernández,Enzo,7,3,66,15.1,129,2577,8,4,8,0,35,8,0,14,29,10.57,5.97,16.54,36.09,2.2,4.3,0.3,19.5,a,100.0,MID,6.6
238,Estêvão,Almeida de Oliveira Gonçalves,Estêvão,7,3,64,1.7,56,758,2,5,4,0,9,3,0,4,10,2.82,2.13,4.95,8.31,0.2,2.8,0.0,8.8,a,100.0,MID,6.4
239,Jamie,Bynoe-Gittens,Gittens,7,3,60,0.1,25,486,0,2,1,0,7,0,0,0,5,0.81,0.94,1.75,8.89,0.0,1.6,0.0,4.2,d,75.0,MID,6.0
240,Christopher,Nkunku,Nkunku,7,3,59,0.1,0,0,0,0,0,0,0,0,0,0,0,0.00,0.00,0.00,0.00,0.0,0.0,0.0,0.0,u,0.0,MID,5.9
241,Moisés,Caicedo Corozo,Caicedo,7,3,57,7.6,96,2181,3,1,6,0,33,9,1,10,25,1.30,2.04,3.34,31.98,2.2,3.7,0.4,16.8,a,100.0,MID,5.7
244,Roméo,Lavia,Lavia,7,3,49,0.0,8,220,0,0,0,0,4,0,0,0,2,0.14,0.11,0.25,4.12,0.8,1.0,0.2,1.6,a,100.0,MID,4.9
245,Mykhailo,Mudryk,Mudryk,7,3,49,0.0,0,0,0,0,0,0,0,0,0,0,0,0.00,0.00,0.00,0.00,0.0,0.0,0.0,0.0,s,0.0,MID,4.9
246,Andrey,Nascimento dos Santos,Andrey Santos,7,3,45,0.3,32,997,0,0,1,0,14,4,0,0,10,1.70,0.81,2.51,14.68,1.2,1.4,0.3,7.1,a,100.0,MID,4.5
247,Dário,Luís Essugo,D.Essugo,7,3,43,0.1,0,0,0,0,0,0,0,0,0,0,0,0.00,0.00,0.00,0.00,0.0,0.0,0.0,0.0,a,100.0,MID,4.3
248,Kendry,Páez Andrade,Paez,7,3,45,0.0,0,0,0,0,0,0,0,0,0,0,0,0.00,0.00,0.00,0.00,0.0,0.0,0.0,0.0,u,0.0,MID,4.5
249,João Pedro,Junqueira de Jesus,João Pedro,7,4,78,50.9,164,2307,14,9,10,0,27,4,0,28,27,13.54,1.80,15.34,30.77,6.4,5.3,0.8,21.0,a,,FWD,7.8
250,Liam,Delap,Delap,7,4,62,0.9,38,784,1,2,2,0,13,2,0,1,9,3.97,0.20,4.16,11.34,1.0,1.7,0.2,6.1,a,100.0,FWD,6.2
251,Nicolas,Jackson,N.Jackson,7,4,65,0.1,0,0,0,0,0,0,0,0,0,0,0,0.00,0.00,0.00,0.00,0.0,0.0,0.0,0.0,u,0.0,FWD,6.5
252,Marc,Guiu Paz,Marc Guiu,7,4,41,5.4,12,247,0,1,0,0,2,1,0,0,1,1.46,0.29,1.75,5.65,0.0,1.3,0.0,2.9,a,100.0,FWD,4.1
453,Alejandro,Garnacho Ferreyra,Garnacho,7,3,64,0.5,51,1118,1,4,4,0,16,2,0,3,14,3.10,3.59,6.69,18.64,1.8,2.5,0.3,8.0,a,,MID,6.4
672,Jorrel,Hato,Hato,7,2,46,0.2,12,638,0,0,0,0,16,4,0,0,6,0.30,0.48,0.78,9.92,0.8,0.8,0.2,2.6,a,100.0,DEF,4.6
743,Landon,Emenalo,Emenalo,7,3,45,0.0,0,0,0,0,0,0,0,0,0,0,0,0.00,0.00,0.00,0.00,0.0,0.0,0.0,0.0,a,,MID,4.5
789,Max,Merrick,Merrick,7,1,40,0.0,0,0,0,0,0,0,0,0,0,0,0,0.00,0.00,0.00,0.00,0.0,0.0,0.0,0.0,a,,GK,4.0
803,Teddy,Sharman-Lowe,Sharman-Lowe,7,1,40,0.0,0,0,0,0,0,0,0,0,0,0,0,0.00,0.00,0.00,0.00,0.0,0.0,0.0,0.0,a,,GK,4.0
253,Dean,Henderson,Henderson,8,1,50,8.2,115,2610,0,0,10,86,35,3,0,7,29,0.00,0.10,0.10,39.04,5.5,4.0,1.1,23.0,a,,GK,5.0
254,Walter,Benítez,Benitez,8,1,40,0.3,7,90,0,0,1,3,0,0,0,0,1,0.00,0.00,0.00,1.12,1.8,7.0,0.4,1.8,a,100.0,GK,4.0
255,Remi,Matthews,Matthews,8,1,39,0.1,0,0,0,0,0,0,0,0,0,0,0,0.00,0.00,0.00,0.00,0.0,0.0,0.0,0.0,a,,GK,3.9
256,Daniel,Muñoz Mejía,Muñoz,8,2,58,7.2,109,1779,3,3,9,0,20,5,0,8,21,1.99,3.33,5.32,24.47,2.8,5.2,0.5,18.8,a,100.0,DEF,5.8
257,Maxence,Lacroix,Lacroix,8,2,51,4.5,128,2485,1,2,10,0,34,3,1,8,28,2.14,0.74,2.88,35.34,3.0,4.6,0.6,25.1,a,100.0,DEF,5.1
258,Tyrick,Mitchell,Mitchell,8,2,50,2.1,114,2668,1,1,11,0,35,5,0,7,30,1.06,1.63,2.69,40.16,5.0,3.8,1.0,22.8,a,,DEF,5.0
259,Borna,Sosa,Sosa,8,2,48,0.1,5,53,0,0,0,0,1,0,0,0,0,0.00,0.06,0.06,0.83,0.0,1.0,0.0,1.0,a,100.0,DEF,4.8
261,Chris,Richards,Richards,8,2,44,2.4,114,2332,1,0,10,0,31,3,0,5,26,1.14,1.43,2.57,33.59,5.2,4.4,1.2,25.9,a,100.0,DEF,4.4
262,Chadi,Riad Dnanou,Chadi Riad,8,2,40,0.0,14,312,0,1,1,0,3,2,0,0,3,0.11,0.05,0.16,4.33,2.0,2.3,0.5,3.5,a,100.0,DEF,4.0
263,Nathaniel,Clyne,Clyne,8,2,38,0.5,15,494,0,1,0,0,9,1,0,2,6,0.43,0.60,1.03,7.31,0.2,1.9,0.1,3.9,a,100.0,DEF,3.8
264,Rob,Holding,Holding,8,2,40,0.0,0,0,0,0,0,0,0,0,0,0,0,0.00,0.00,0.00,0.00,0.0,0.0,0.0,0.0,u,0.0,DEF,4.0
265,Caleb,Kporha,Kporha,8,2,40,0.0,0,0,0,0,0,0,0,0,0,0,0,0.00,0.00,0.00,0.00,0.0,0.0,0.0,0.0,a,100.0,DEF,4.0
267,Ismaïla,Sarr,Sarr,8,3,63,3.8,93,1726,7,1,9,0,19,2,0,9,20,7.98,0.70,8.67,24.77,5.5,4.7,0.9,14.8,a,100.0,MID,6.3
268,Cheick,Doucouré,Doucouré,8,3,49,0.0,0,0,0,0,0,0,0,0,0,0,0,0.00,0.00,0.00,0.00,0.0,0.0,0.0,0.0,i,0.0,MID,4.9
269,Romain,Esse,Esse,8,3,47,0.1,4,40,0,0,0,0,0,0,0,0,0,0.00,0.04,0.04,1.74,0.0,1.0,0.0,0.9,u,0.0,MID,4.7
270,Will,Hughes,Hughes,8,3,47,0.1,39,1290,0,1,5,0,13,7,0,0,15,1.11,1.68,2.79,20.18,0.5,1.4,0.1,8.3,a,100.0,MID,4.7
271,Daichi,Kamada,Kamada,8,3,50,0.1,53,1479,0,2,6,0,17,2,0,0,17,1.42,2.07,3.49,18.27,1.2,2.6,0.2,10.6,a,100.0,MID,5.0
272,Jefferson,Lerma Solís,Lerma,8,3,49,0.1,54,1246,0,4,6,0,15,6,0,3,13,1.05,0.95,2.00,15.73,0.8,2.2,0.2,11.0,a,100.0,MID,4.9
273,Adam,Wharton,Wharton,8,3,50,0.6,91,2165,0,6,8,0,33,4,1,6,26,1.33,6.02,7.34,33.38,3.8,3.4,0.8,18.2,a,100.0,MID,5.0
274,Asher,Agbinone,Agbinone,8,3,43,0.1,0,0,0,0,0,0,0,0,0,0,0,0.00,0.00,0.00,0.00,0.0,0.0,0.0,0.0,a,,MID,4.3
275,Naouirou,Ahamada,Ahamada,8,3,43,0.0,0,0,0,0,0,0,0,0,0,0,0,0.00,0.00,0.00,0.00,0.0,0.0,0.0,0.0,u,0.0,MID,4.3
276,Justin,Devenny,Devenny,8,3,43,1.2,29,593,1,0,1,0,10,0,0,0,5,2.38,0.36,2.74,10.05,0.0,1.6,0.0,6.7,a,100.0,MID,4.3
277,Malcolm,Ebiowei,Ebiowei,8,3,45,0.0,0,0,0,0,0,0,0,0,0,0,0,0.00,0.00,0.00,0.00,0.0,0.0,0.0,0.0,u,0.0,MID,4.5
278,Jesurun,Rak-Sakyi,J.Rak-Sakyi,8,3,44,0.0,0,0,0,0,0,0,0,0,0,0,0,0.00,0.00,0.00,0.00,0.0,0.0,0.0,0.0,u,0.0,MID,4.4
279,Matheus,França de Oliveira,M.França,8,3,45,0.0,0,0,0,0,0,0,0,0,0,0,0,0.00,0.00,0.00,0.00,0.0,0.0,0.0,0.0,u,0.0,MID,4.5
280,David,Ozoh,Ozoh,8,3,45,0.0,0,0,0,0,0,0,0,0,0,0,0,0.00,0.00,0.00,0.00,0.0,0.0,0.0,0.0,u,0.0,MID,4.5
281,Kaden,Rodney,Rodney,8,3,44,0.0,1,3,0,0,0,0,0,0,0,0,0,0.00,0.00,0.00,0.65,0.0,1.0,0.0,0.2,a,,MID,4.4
282,Franco,Umeh-Chibueze,Umeh,8,3,45,0.0,0,0,0,0,0,0,0,0,0,0,0,0.00,0.00,0.00,0.00,0.0,0.0,0.0,0.0,u,0.0,MID,4.5
283,Jean-Philippe,Mateta,Mateta,8,4,75,6.5,85,1934,8,0,8,0,23,2,0,9,23,11.99,1.26,13.25,26.69,0.2,3.5,0.0,11.3,a,100.0,FWD,7.5
284,Eddie,Nketiah,Nketiah,8,4,54,0.3,23,414,2,0,0,0,12,2,0,3,2,1.77,0.46,2.23,9.49,0.0,1.9,0.0,4.3,i,0.0,FWD,5.4
285,Odsonne,Édouard,Édouard,8,4,50,0.2,1,2,0,0,0,0,0,0,0,0,0,0.00,0.00,0.00,0.27,0.0,1.0,0.0,0.2,u,0.0,FWD,5.0
286,Zach,Marsh,Marsh,8,4,44,0.3,0,0,0,0,0,0,0,0,0,0,0,0.00,0.00,0.00,0.00,0.0,0.0,0.0,0.0,a,,FWD,4.4
580,Brennan,Johnson,Johnson,8,3,65,2.3,53,1224,2,1,5,0,13,5,0,2,13,1.84,0.91,2.75,19.96,2.0,2.0,0.3,8.2,a,,MID,6.5
654,Jørgen,Strand Larsen,Strand Larsen,8,4,61,1.9,62,1865,4,1,5,0,31,4,0,3,20,4.16,0.69,4.85,28.72,2.2,2.2,0.4,10.2,a,100.0,FWD,6.1
677,Evann,Guessand,Guessand,8,3,62,0.1,42,880,1,3,2,0,15,0,0,0,9,1.56,0.75,2.31,12.74,3.0,2.2,0.5,6.8,a,100.0,MID,6.2
690,Rio,Cardines,Cardines,8,3,44,0.3,0,0,0,0,0,0,0,0,0,0,0,0.00,0.00,0.00,0.00,0.0,0.0,0.0,0.0,a,100.0,MID,4.4
712,Yéremy,Pino Santos,Yeremy,8,3,58,0.2,66,1716,2,1,7,0,20,4,0,3,21,3.96,4.78,8.74,23.99,1.2,2.4,0.2,11.4,a,100.0,MID,5.8
723,Jaydee,Canvot,Canvot,8,2,45,0.0,48,701,0,0,4,0,9,2,0,7,7,0.79,0.23,1.02,14.01,5.2,3.7,1.2,10.7,a,100.0,DEF,4.5
732,Christantus,Uche,Uche,8,4,55,0.1,17,159,0,1,0,0,4,0,0,0,0,0.49,0.01,0.50,4.63,0.2,1.2,0.0,3.1,a,,FWD,5.5
762,Joél,Drakes-Thomas,Drakes-Thomas,8,3,45,0.0,2,7,0,0,0,0,1,0,0,0,0,0.00,0.00,0.00,0.73,0.0,1.0,0.0,0.4,a,,MID,4.5
773,Dean,Benamar,Benamar,8,2,40,0.0,0,0,0,0,0,0,0,0,0,0,0,0.00,0.00,0.00,0.00,0.0,0.0,0.0,0.0,a,,DEF,4.0
780,Ben,Casey,Casey,8,4,45,0.0,0,0,0,0,0,0,0,0,0,0,0,0.00,0.00,0.00,0.00,0.0,0.0,0.0,0.0,a,,FWD,4.5
793,George,King,King,8,2,40,0.0,0,0,0,0,0,0,0,0,0,0,0,0.00,0.00,0.00,0.00,0.0,0.0,0.0,0.0,a,,DEF,4.0
798,Danny,Imray,Imray,8,2,40,0.0,0,0,0,0,0,0,0,0,0,0,0,0.00,0.00,0.00,0.00,0.0,0.0,0.0,0.0,u,0.0,DEF,4.0
242,Kiernan,Dewsbury-Hall,Dewsbury-Hall,9,3,51,5.0,117,2006,6,5,8,0,25,6,0,14,23,3.16,4.02,7.18,29.31,4.8,4.9,0.9,22.9,a,100.0,MID,5.1
243,Tyrique,George,George,9,3,48,0.1,10,245,0,0,1,0,4,2,0,0,1,0.46,0.13,0.59,3.96,0.6,1.1,0.1,2.1,a,100.0,MID,4.8
287,Jordan,Pickford,Pickford,9,1,56,13.4,126,2790,0,0,11,86,35,2,0,11,31,0.00,0.15,0.15,45.04,3.6,4.1,0.6,22.5,a,,GK,5.6
288,Mark,Travers,Travers,9,1,43,0.1,0,0,0,0,0,0,0,0,0,0,0,0.00,0.00,0.00,0.00,0.0,0.0,0.0,0.0,a,100.0,GK,4.3
289,Harry,Tyrer,Tyrer,9,1,39,0.1,0,0,0,0,0,0,0,0,0,0,0,0.00,0.00,0.00,0.00,0.0,0.0,0.0,0.0,u,0.0,GK,3.9
290,Jarrad,Branthwaite,Branthwaite,9,2,53,0.5,25,502,1,1,1,0,6,1,0,0,5,0.28,0.09,0.37,5.42,3.6,3.1,0.7,4.7,d,75.0,DEF,5.3
291,James,Tarkowski,Tarkowski,9,2,57,10.8,142,2700,1,1,11,0,33,5,0,9,30,2.08,1.32,3.40,42.34,5.0,4.7,0.9,24.9,d,75.0,DEF,5.7
292,Vitalii,Mykolenko,Mykolenko,9,2,49,0.6,83,2329,0,1,9,0,32,5,0,1,26,0.28,2.30,2.58,37.21,3.2,3.2,0.7,16.9,a,100.0,DEF,4.9
293,Jake,O'Brien,O'Brien,9,2,49,0.7,102,2546,0,2,10,0,33,2,1,2,28,0.83,0.84,1.67,42.86,3.2,3.4,0.7,20.8,a,100.0,DEF,4.9
294,Séamus,Coleman,Coleman,9,2,42,0.1,3,11,0,0,0,0,0,0,0,0,1,0.00,0.00,0.00,0.24,0.0,1.0,0.0,0.7,a,100.0,DEF,4.2
295,Michael,Keane,Keane,9,2,46,3.2,118,2135,3,0,7,0,30,0,1,8,24,1.97,0.20,2.17,37.30,3.0,4.4,0.7,25.7,a,100.0,DEF,4.6
296,Nathan,Patterson,Patterson,9,2,44,0.0,21,237,0,0,2,0,1,0,0,0,3,0.03,0.04,0.07,3.55,0.0,3.5,0.0,4.8,a,100.0,DEF,4.4
297,Roman,Dixon,Dixon,9,2,38,0.2,0,0,0,0,0,0,0,0,0,0,0,0.00,0.00,0.00,0.00,0.0,0.0,0.0,0.0,u,0.0,DEF,3.8
298,Reece,Welch,Welch,9,2,38,0.1,0,0,0,0,0,0,0,0,0,0,0,0.00,0.00,0.00,0.00,0.0,0.0,0.0,0.0,a,,DEF,3.8
299,Iliman,Ndiaye,Ndiaye,9,3,62,4.2,110,2151,6,3,8,0,29,2,0,5,25,4.99,4.17,9.16,31.48,4.4,4.4,0.7,17.7,a,100.0,MID,6.2
300,Dwight,McNeil,McNeil,9,3,55,0.2,46,943,0,3,6,0,5,1,0,1,11,1.07,0.87,1.94,15.05,3.4,2.6,0.6,8.4,a,,MID,5.5
301,Carlos,Alcaraz Durán,Alcaraz,9,3,52,0.1,26,667,0,1,3,0,8,3,0,0,6,1.04,0.44,1.48,13.03,0.0,1.6,0.0,5.0,d,25.0,MID,5.2
302,Idrissa Gana,Gueye,Gana,9,3,54,0.1,74,1846,2,2,5,0,22,1,1,4,22,1.49,1.09,2.58,27.33,3.8,3.4,0.7,13.7,a,100.0,MID,5.4
303,James,Garner,Garner,9,3,52,4.1,139,2783,2,6,11,0,35,7,0,13,31,1.97,4.99,6.96,44.98,5.6,4.5,1.1,26.7,a,,MID,5.2
304,Tim,Iroegbunam,Iroegbunam,9,3,48,0.0,57,1101,0,3,8,0,10,8,0,1,13,0.40,0.61,1.01,17.77,1.4,2.5,0.3,11.9,a,100.0,MID,4.8
305,Harrison,Armstrong,Armstrong,9,3,45,0.1,19,495,0,0,1,0,10,0,0,0,6,0.79,0.21,1.00,10.79,0.8,1.7,0.2,4.2,a,100.0,MID,4.5
306,Callum,Bates,Bates,9,3,43,0.1,0,0,0,0,0,0,0,0,0,0,0,0.00,0.00,0.00,0.00,0.0,0.0,0.0,0.0,a,,MID,4.3
307,Coby,Ebere,Ebere,9,3,44,0.0,0,0,0,0,0,0,0,0,0,0,0,0.00,0.00,0.00,0.00,0.0,0.0,0.0,0.0,a,,MID,4.4
308,Isaac,Heath,Heath,9,3,45,0.0,0,0,0,0,0,0,0,0,0,0,0,0.00,0.00,0.00,0.00,0.0,0.0,0.0,0.0,u,0.0,MID,4.5
309,Jenson,Metcalfe,Metcalfe,9,3,45,0.0,0,0,0,0,0,0,0,0,0,0,0,0.00,0.00,0.00,0.00,0.0,0.0,0.0,0.0,u,0.0,MID,4.5
310,Thierno,Barry,Barry,9,4,57,0.9,76,1629,6,0,7,0,24,3,0,7,19,6.13,0.37,6.50,27.92,2.2,2.5,0.4,13.3,a,,FWD,5.7
311,Norberto Bercique,Gomes Betuncal,Beto,9,4,50,2.5,73,1196,6,1,5,0,14,2,0,6,12,7.16,0.21,7.37,18.53,5.4,2.4,1.1,14.6,a,,FWD,5.0
312,Youssef,Ramalho Chermiti,Y.Chermiti,9,4,49,0.1,0,0,0,0,0,0,0,0,0,0,0,0.00,0.00,0.00,0.00,0.0,0.0,0.0,0.0,u,0.0,FWD,4.9
313,Martin,Sherif,Sherif,9,4,44,0.1,0,0,0,0,0,0,0,0,0,0,0,0.00,0.00,0.00,0.00,0.0,0.0,0.0,0.0,u,0.0,FWD,4.4
419,Jack,Grealish,Grealish,9,3,63,5.8,79,1627,2,6,7,0,23,3,1,12,18,2.05,3.37,5.41,25.81,0.0,4.0,0.0,12.5,i,0.0,MID,6.3
630,Tom,King,King,9,1,39,1.2,0,0,0,0,0,0,0,0,0,0,0,0.00,0.00,0.00,0.00,0.0,0.0,0.0,0.0,a,,GK,3.9
667,Adam,Aznou,Aznou,9,2,42,0.1,0,0,0,0,0,0,0,0,0,0,0,0.00,0.00,0.00,0.00,0.0,0.0,0.0,0.0,a,100.0,DEF,4.2
704,Tyler,Onyango,Onyango,9,3,45,0.0,0,0,0,0,0,0,0,0,0,0,0,0.00,0.00,0.00,0.00,0.0,0.0,0.0,0.0,u,0.0,MID,4.5
705,Elijah,Campbell,Campbell,9,2,39,0.2,0,0,0,0,0,0,0,0,0,0,0,0.00,0.00,0.00,0.00,0.0,0.0,0.0,0.0,u,0.0,DEF,3.9
707,Tyler,Dibling,Dibling,9,3,53,0.0,18,349,0,0,2,0,2,2,0,0,4,0.20,0.14,0.34,6.65,0.2,1.3,0.0,3.4,a,,MID,5.3
728,Merlin,Röhl,Röhl,9,3,50,0.0,18,358,0,0,2,0,6,0,0,0,2,0.50,0.21,0.71,8.22,0.4,1.5,0.1,3.6,a,100.0,MID,5.0
779,Braiden,Graham,Graham,9,4,45,0.0,0,0,0,0,0,0,0,0,0,0,0,0.00,0.00,0.00,0.00,0.0,0.0,0.0,0.0,a,,FWD,4.5
314,Bernd,Leno,Leno,10,1,49,2.0,89,2790,0,0,6,77,44,3,0,4,31,0.00,0.00,0.00,43.02,3.4,2.9,0.7,18.2,a,,GK,4.9
315,Steven,Benda,Benda,10,1,40,0.0,0,0,0,0,0,0,0,0,0,0,0,0.00,0.00,0.00,0.00,0.0,0.0,0.0,0.0,u,0.0,GK,4.0
316,Antonee,Robinson,Robinson,10,2,49,0.9,40,1041,0,0,3,0,12,3,0,4,12,0.22,1.31,1.53,16.19,1.4,2.7,0.3,8.2,a,100.0,DEF,4.9
317,Joachim,Andersen,Andersen,10,2,46,6.8,104,2471,0,1,6,0,39,7,0,5,28,1.26,1.57,2.83,37.59,3.0,3.7,0.7,22.6,a,100.0,DEF,4.6
318,Calvin,Bassey,Bassey,10,2,44,0.8,77,1902,1,1,4,0,33,5,0,9,21,1.64,0.27,1.90,28.30,4.0,3.3,0.9,17.5,a,100.0,DEF,4.4
319,Timothy,Castagne,Castagne,10,2,43,0.1,32,1216,0,1,0,0,24,3,0,0,13,1.16,0.67,1.83,22.99,0.8,1.4,0.2,7.4,a,,DEF,4.3
320,Issa,Diop,Diop,10,2,43,0.1,13,592,0,0,0,0,11,2,0,0,6,0.02,0.04,0.06,10.15,0.6,1.3,0.1,3.0,a,,DEF,4.3
321,Jorge,Cuenca Barreno,J.Cuenca,10,2,43,0.1,39,931,0,0,2,0,11,5,0,1,11,0.05,0.53,0.58,14.59,0.4,2.8,0.1,9.1,a,,DEF,4.3
322,Kenny,Tete,Tete,10,2,45,0.4,81,1791,1,0,6,0,25,2,0,5,21,0.92,1.46,2.38,25.79,2.8,3.7,0.6,18.0,d,75.0,DEF,4.5
323,Samuel,Amissah,Amissah,10,2,38,0.1,0,0,0,0,0,0,0,0,0,0,0,0.00,0.00,0.00,0.00,0.0,0.0,0.0,0.0,a,,DEF,3.8
324,Alex,Iwobi,Iwobi,10,3,64,2.7,95,2132,4,3,4,0,37,3,0,13,25,1.36,3.97,5.33,32.79,5.8,3.8,0.9,14.8,a,100.0,MID,6.4
325,Emile,Smith Rowe,Smith Rowe,10,3,56,0.5,65,1452,3,1,3,0,23,1,0,1,16,4.20,1.00,5.20,24.86,1.2,2.2,0.2,11.6,a,100.0,MID,5.6
327,Andreas,Hoelgebaum Pereira,Andreas,10,3,53,0.1,0,0,0,0,0,0,0,0,0,0,0,0.00,0.00,0.00,0.00,0.0,0.0,0.0,0.0,u,0.0,MID,5.3
328,Ryan,Sessegnon,Sessegnon,10,3,54,0.2,80,1635,2,3,4,0,29,0,0,5,18,1.16,1.75,2.91,24.56,1.8,3.3,0.3,14.8,a,100.0,MID,5.4
329,Harry,Wilson,Wilson,10,3,61,24.8,150,2262,10,8,7,0,32,6,0,19,27,5.12,4.18,9.30,32.54,6.0,5.2,1.0,24.6,a,100.0,MID,6.1
330,Sander,Berge,Berge,10,3,49,0.1,80,2589,0,3,6,0,42,5,0,3,30,1.29,1.17,2.46,39.92,3.4,2.6,0.7,16.3,a,,MID,4.9
331,Tom,Cairney,Cairney,10,3,48,0.0,29,545,1,0,1,0,9,3,0,1,4,0.95,0.36,1.31,10.02,1.0,1.4,0.2,6.0,a,100.0,MID,4.8
332,Saša,Lukić,Lukić,10,3,49,0.1,51,1235,1,3,4,0,17,6,0,3,15,1.82,1.35,3.17,19.05,0.2,2.5,0.0,10.4,a,100.0,MID,4.9
333,Martial,Godo,Godo,10,3,45,0.0,0,0,0,0,0,0,0,0,0,0,0,0.00,0.00,0.00,0.00,0.0,0.0,0.0,0.0,u,0.0,MID,4.5
334,Luke,Harris,Harris,10,3,45,0.0,0,0,0,0,0,0,0,0,0,0,0,0.00,0.00,0.00,0.00,0.0,0.0,0.0,0.0,u,0.0,MID,4.5
335,Josh,King,King,10,3,44,1.7,54,1127,1,3,5,0,16,3,0,0,14,2.46,0.50,2.96,15.55,3.4,2.2,0.8,12.3,a,100.0,MID,4.4
336,Harrison,Reed,Reed,10,3,43,0.4,13,26,1,0,0,0,1,0,0,2,0,0.13,0.36,0.49,0.51,0.2,2.2,0.0,3.0,a,,MID,4.3
337,Raúl,Jiménez Rodríguez,Raúl,10,4,62,3.1,104,1972,9,5,8,0,25,5,0,7,25,11.05,0.88,11.93,29.77,4.2,3.5,0.7,16.8,a,100.0,FWD,6.2
338,Rodrigo,Muniz Carvalho,Muniz,10,4,53,0.7,25,574,1,1,1,0,9,1,0,3,5,1.80,0.06,1.86,9.32,1.2,1.8,0.2,4.7,a,100.0,FWD,5.3
424,Oscar,Bobb,Bobb,10,3,51,0.2,32,759,0,2,3,0,10,1,0,0,8,1.05,1.52,2.57,8.88,2.4,2.0,0.5,6.3,a,100.0,MID,5.1
664,Benjamin,Lecomte,Lecomte,10,1,39,0.7,0,0,0,0,0,0,0,0,0,0,0,0.00,0.00,0.00,0.00,0.0,0.0,0.0,0.0,a,,GK,3.9
727,Samuel,Chukwueze,Chukwueze,10,3,53,0.1,52,799,3,4,1,0,16,0,0,1,7,1.92,3.05,4.97,13.29,1.0,3.1,0.2,9.8,a,100.0,MID,5.3
731,Kevin,Santos Lopes de Macedo,Kevin,10,3,58,0.1,43,898,1,2,4,0,15,1,0,0,8,1.12,1.40,2.52,13.01,0.2,1.9,0.0,7.4,i,0.0,MID,5.8
737,Jonah,Kusi-Asare,Kusi-Asare,10,4,45,0.1,4,30,0,0,0,0,2,1,0,0,0,0.00,0.07,0.07,0.75,0.0,0.8,0.0,0.9,a,,FWD,4.5
770,Seth,Ridgeon,Ridgeon,10,3,45,0.0,0,0,0,0,0,0,0,0,0,0,0,0.00,0.00,0.00,0.00,0.0,0.0,0.0,0.0,a,,MID,4.5
786,Alfie,McNally,McNally,10,1,40,0.0,0,0,0,0,0,0,0,0,0,0,0,0.00,0.00,0.00,0.00,0.0,0.0,0.0,0.0,a,,GK,4.0
168,Facundo,Buonanotte,Buonanotte,11,3,46,0.1,2,69,0,0,0,0,2,1,0,0,1,0.04,0.10,0.14,1.86,0.0,0.7,0.0,0.4,a,100.0,MID,4.6
339,Illan,Meslier,Meslier,11,1,41,0.3,0,0,0,0,0,0,0,0,0,0,0,0.00,0.00,0.00,0.00,0.0,0.0,0.0,0.0,a,,GK,4.1
340,Alex,Cairns,Cairns,11,1,39,0.1,0,0,0,0,0,0,0,0,0,0,0,0.00,0.00,0.00,0.00,0.0,0.0,0.0,0.0,a,,GK,3.9
341,Karl,Darlow,Darlow,11,1,39,2.6,36,1260,0,0,2,34,19,1,0,0,14,0.00,0.03,0.03,17.06,2.6,2.6,0.7,9.2,a,,GK,3.9
342,Jayden,Bogle,Bogle,11,2,44,0.2,71,2313,1,3,4,0,41,5,0,0,26,2.02,1.57,3.59,34.92,1.2,2.5,0.3,16.1,a,100.0,DEF,4.4
343,Pascal,Struijk,Struijk,11,2,43,0.5,88,2348,0,1,5,0,40,3,0,3,26,2.52,0.54,3.06,35.18,2.8,3.3,0.7,20.5,a,100.0,DEF,4.3
344,Jaka,Bijol,Bijol,11,2,39,0.4,55,1216,1,2,2,0,21,3,0,2,13,0.80,0.57,1.37,21.45,1.8,3.2,0.5,14.1,a,100.0,DEF,3.9
345,Sebastiaan,Bornauw,Bornauw,11,2,38,0.1,17,304,0,0,1,0,4,1,0,0,4,0.00,0.01,0.01,4.93,0.0,1.9,0.0,4.5,a,100.0,DEF,3.8
346,Sam,Byram,Byram,11,2,37,0.2,1,7,0,0,0,0,1,0,0,0,0,0.00,0.00,0.00,0.79,0.0,1.0,0.0,0.3,a,,DEF,3.7
347,Gabriel,Gudmundsson,Gudmundsson,11,2,38,3.4,59,2367,0,0,4,0,42,4,1,8,28,1.10,2.04,3.13,37.73,0.6,2.0,0.2,15.5,a,100.0,DEF,3.8
348,Joe,Rodon,Rodon,11,2,39,4.1,93,2456,2,0,4,0,46,1,0,5,28,1.20,0.31,1.51,39.47,3.2,3.3,0.8,23.8,a,100.0,DEF,3.9
349,Isaac,Schmidt,Schmidt,11,2,40,0.1,0,0,0,0,0,0,0,0,0,0,0,0.00,0.00,0.00,0.00,0.0,0.0,0.0,0.0,u,0.0,DEF,4.0
350,Brenden,Aaronson,Aaronson,11,3,54,0.6,106,1907,4,6,7,0,27,1,0,5,23,4.08,3.00,7.08,28.56,1.6,3.7,0.3,19.6,a,,MID,5.4
351,Wilfried,Gnonto,Gnonto,11,3,51,0.1,22,377,0,2,1,0,11,3,0,0,4,0.29,0.56,0.85,8.40,0.2,1.4,0.0,4.3,a,100.0,MID,5.1
352,Jack,Harrison,Harrison,11,3,51,0.0,12,262,0,0,0,0,5,0,0,0,1,0.28,0.23,0.51,3.82,0.0,1.1,0.0,2.4,u,0.0,MID,5.1
353,Daniel,James,James,11,3,52,0.1,17,398,0,0,1,0,13,0,0,0,4,0.71,0.59,1.30,10.43,0.4,1.2,0.1,3.3,a,100.0,MID,5.2
354,Ethan,Ampadu,Ampadu,11,3,49,0.2,97,2399,1,2,5,0,41,7,0,6,27,1.77,1.68,3.45,37.36,3.8,3.6,0.8,19.8,a,100.0,MID,4.9
355,Sam,Greenwood,Greenwood,11,3,49,0.0,0,0,0,0,0,0,0,0,0,0,0,0.00,0.00,0.00,0.00,0.0,0.0,0.0,0.0,u,0.0,MID,4.9
356,Ilia,Gruev,Gruev,11,3,47,0.1,54,1290,0,4,5,0,23,3,0,3,15,0.46,0.85,1.31,24.63,1.4,2.6,0.3,11.5,a,,MID,4.7
357,Largie,Ramazani,Ramazani,11,3,49,0.0,0,0,0,0,0,0,0,0,0,0,0,0.00,0.00,0.00,0.00,0.0,0.0,0.0,0.0,u,0.0,MID,4.9
358,Tanaka,Ao,Tanaka,11,3,48,0.2,43,737,2,0,2,0,16,1,0,2,7,0.83,0.61,1.44,13.29,0.0,2.1,0.0,9.0,a,100.0,MID,4.8
359,Charlie,Crew,Crew,11,3,45,0.0,0,0,0,0,0,0,0,0,0,0,0,0.00,0.00,0.00,0.00,0.0,0.0,0.0,0.0,u,0.0,MID,4.5
360,Joe,Gelhardt,Gelhardt,11,3,45,0.0,0,0,0,0,0,0,0,0,0,0,0,0.00,0.00,0.00,0.00,0.0,0.0,0.0,0.0,u,0.0,MID,4.5
361,Darko,Gyabi,Gyabi,11,3,45,0.0,0,0,0,0,0,0,0,0,0,0,0,0.00,0.00,0.00,0.00,0.0,0.0,0.0,0.0,u,0.0,MID,4.5
362,Joël,Piroe,Piroe,11,4,49,0.3,14,215,0,0,1,0,7,0,0,0,2,0.81,0.13,0.94,5.30,0.4,1.1,0.1,2.9,a,100.0,FWD,4.9
363,Patrick,Bamford,Bamford,11,4,49,0.3,0,0,0,0,0,0,0,0,0,0,0,0.00,0.00,0.00,0.00,0.0,0.0,0.0,0.0,u,0.0,FWD,4.9
364,Mateo,Joseph Fernández-Regatillo,Mateo Joseph,11,4,50,0.0,0,0,0,0,0,0,0,0,0,0,0,0.00,0.00,0.00,0.00,0.0,0.0,0.0,0.0,u,0.0,FWD,5.0
365,Lukas,Nmecha,Nmecha,11,4,50,0.6,64,798,6,1,2,0,18,0,0,8,8,6.19,0.91,7.10,16.42,0.8,2.7,0.2,12.8,a,100.0,FWD,5.0
493,Sean,Longstaff,Longstaff,11,3,48,0.2,44,943,1,2,1,0,19,2,0,4,10,0.83,1.48,2.31,13.95,0.2,2.6,0.0,9.2,a,100.0,MID,4.8
660,Anton,Stach,Stach,11,3,47,2.8,119,2045,4,6,5,0,34,3,0,11,24,2.40,4.18,6.58,29.77,4.4,4.8,0.9,25.3,a,100.0,MID,4.7
665,Lucas Estella,Perri,Perri,11,1,44,0.2,43,1440,0,0,3,38,29,2,0,3,16,0.00,0.00,0.00,26.68,0.0,2.7,0.0,9.8,a,100.0,GK,4.4
691,Dominic,Calvert-Lewin,Calvert-Lewin,11,4,56,8.0,108,2023,10,2,5,0,28,1,0,16,22,11.21,0.98,12.18,25.30,1.2,4.0,0.2,19.3,a,100.0,FWD,5.6
698,Noah,Okafor,Okafor,11,3,55,0.1,67,1266,4,2,4,0,24,3,0,3,15,4.20,0.98,5.18,22.40,0.0,2.9,0.0,12.2,a,100.0,MID,5.5
706,James,Justin,Justin,11,2,39,1.0,55,1173,1,1,3,0,18,2,0,6,13,0.94,0.90,1.84,21.71,2.4,2.6,0.6,14.1,a,100.0,DEF,3.9
741,Harry,Gray,Gray,11,4,45,0.1,0,0,0,0,0,0,0,0,0,0,0,0.00,0.00,0.00,0.00,0.0,0.0,0.0,0.0,u,0.0,FWD,4.5
787,Sam,Chambers,Chambers,11,3,44,0.0,0,0,0,0,0,0,0,0,0,0,0,0.00,0.00,0.00,0.00,0.0,0.0,0.0,0.0,a,,MID,4.4
366,Alisson,Becker,A.Becker,12,1,54,6.3,89,2250,0,0,8,56,30,1,0,8,25,0.00,0.03,0.03,28.02,2.8,3.6,0.5,16.5,d,50.0,GK,5.4
367,Giorgi,Mamardashvili,Mamardashvili,12,1,41,0.5,21,540,0,0,1,21,12,0,0,0,6,0.00,0.00,0.00,9.40,0.4,3.5,0.1,5.1,a,,GK,4.1
368,Ármin,Pécsi,Pécsi,12,1,38,0.9,0,0,0,0,0,0,0,0,0,0,0,0.00,0.00,0.00,0.00,0.0,0.0,0.0,0.0,a,,GK,3.8
369,Freddie,Woodman,Woodman,12,1,39,0.2,0,0,0,0,0,0,0,0,0,0,0,0.00,0.00,0.00,0.00,0.0,0.0,0.0,0.0,a,,GK,3.9
370,Jeremie,Frimpong,Frimpong,12,2,57,5.2,51,747,0,5,4,0,9,1,0,1,9,0.43,1.24,1.67,8.39,3.4,3.4,0.6,8.9,a,100.0,DEF,5.7
371,Milos,Kerkez,Kerkez,12,2,56,3.1,79,2026,2,1,6,0,31,4,0,4,25,1.47,0.65,2.12,27.10,4.0,2.8,0.7,14.1,a,,DEF,5.6
372,Andrew,Robertson,Robertson,12,2,57,1.0,37,764,0,0,3,0,11,0,0,4,6,0.32,1.03,1.34,10.23,0.8,1.9,0.1,6.5,a,,DEF,5.7
373,Virgil,van Dijk,Virgil,12,2,63,35.0,135,2790,3,1,9,0,42,4,0,9,31,2.65,1.19,3.84,37.42,4.8,4.4,0.8,21.4,a,,DEF,6.3
374,Ibrahima,Konaté,Konaté,12,2,55,4.4,111,2480,1,0,9,0,34,6,0,8,29,1.05,0.91,1.96,30.98,2.4,3.8,0.4,20.2,a,100.0,DEF,5.5
375,Conor,Bradley,Bradley,12,2,49,0.1,42,928,0,2,4,0,13,5,0,2,12,0.18,0.84,1.02,10.77,0.0,2.8,0.0,8.6,i,0.0,DEF,4.9
376,Joe,Gomez,Gomez,12,2,49,0.1,30,491,0,2,2,0,12,2,0,2,6,0.23,0.62,0.85,7.57,0.8,1.9,0.2,6.1,a,100.0,DEF,4.9
377,Konstantinos,Tsimikas,Tsimikas,12,2,48,0.0,0,0,0,0,0,0,0,0,0,0,0,0.00,0.00,0.00,0.00,0.0,0.0,0.0,0.0,u,0.0,DEF,4.8
378,Amara,Nallo,Nallo,12,2,37,1.0,0,0,0,0,0,0,0,0,0,0,0,0.00,0.00,0.00,0.00,0.0,0.0,0.0,0.0,a,100.0,DEF,3.7
379,Rhys,Williams,R.Williams,12,2,37,0.6,0,0,0,0,0,0,0,0,0,0,0,0.00,0.00,0.00,0.00,0.0,0.0,0.0,0.0,a,,DEF,3.7
380,Calvin,Ramsay,Ramsay,12,2,38,0.2,0,0,0,0,0,0,0,0,0,0,0,0.00,0.00,0.00,0.00,0.0,0.0,0.0,0.0,a,,DEF,3.8
381,Mohamed,Salah,M.Salah,12,3,140,14.2,97,1818,5,6,6,0,32,1,0,7,19,6.94,4.48,11.42,26.59,3.0,4.4,0.2,6.9,i,0.0,MID,14.0
382,Florian,Wirtz,Wirtz,12,3,83,9.4,105,2003,4,3,9,0,25,1,0,16,23,5.67,4.38,10.04,26.67,1.0,3.9,0.1,12.7,a,100.0,MID,8.3
383,Luis,Díaz Marulanda,Luis Díaz,12,3,80,0.0,0,0,0,0,0,0,0,0,0,0,0,0.00,0.00,0.00,0.00,0.0,0.0,0.0,0.0,u,0.0,MID,8.0
384,Cody,Gakpo,Gakpo,12,3,73,5.9,106,2144,6,3,9,0,29,2,0,5,25,6.59,4.26,10.85,24.83,3.4,3.7,0.5,14.5,a,100.0,MID,7.3
385,Federico,Chiesa,Chiesa,12,3,63,0.3,34,277,2,1,0,0,7,3,0,0,1,1.36,0.61,1.97,5.42,0.6,1.5,0.1,5.4,a,100.0,MID,6.3
386,Alexis,Mac Allister,Mac Allister,12,3,63,2.5,85,2176,2,3,7,0,31,5,0,6,26,3.28,1.34,4.62,28.14,6.6,2.8,1.0,13.5,a,100.0,MID,6.3
387,Dominik,Szoboszlai,Szoboszlai,12,3,70,13.8,123,2602,5,3,8,0,41,7,1,17,29,3.82,5.20,9.02,35.42,5.2,4.2,0.7,17.6,a,100.0,MID,7.0
388,Curtis,Jones,C.Jones,12,3,54,0.1,52,1342,0,2,3,0,26,1,0,1,11,1.49,2.34,3.83,22.07,1.8,1.9,0.3,9.6,a,100.0,MID,5.4
390,Ryan,Gravenberch,Gravenberch,12,3,55,5.0,123,2518,4,5,9,0,34,5,0,13,29,1.63,2.04,3.67,31.79,2.4,4.2,0.4,22.4,a,100.0,MID,5.5
392,Endo,Wataru,Endo,12,3,49,0.1,12,170,0,1,1,0,5,1,0,0,1,0.04,0.05,0.09,4.11,0.0,1.5,0.0,2.4,i,0.0,MID,4.9
393,Stefan,Bajčetić Maquieira,Bajcetic,12,3,42,0.1,0,0,0,0,0,0,0,0,0,0,0,0.00,0.00,0.00,0.00,0.0,0.0,0.0,0.0,i,0.0,MID,4.2
394,James,McConnell,McConnell,12,3,44,0.0,0,0,0,0,0,0,0,0,0,0,0,0.00,0.00,0.00,0.00,0.0,0.0,0.0,0.0,u,0.0,MID,4.4
395,Tyler,Morton,Morton,12,3,45,0.0,0,0,0,0,0,0,0,0,0,0,0,0.00,0.00,0.00,0.00,0.0,0.0,0.0,0.0,u,0.0,MID,4.5
396,Trey,Nyoni,Nyoni,12,3,43,0.3,4,13,0,0,0,0,1,0,0,0,0,0.37,0.01,0.38,0.41,0.4,1.0,0.1,0.9,a,,MID,4.3
397,Darwin,Núñez Ribeiro,Darwin,12,4,65,0.1,0,0,0,0,0,0,0,0,0,0,0,0.00,0.00,0.00,0.00,0.0,0.0,0.0,0.0,u,0.0,FWD,6.5
398,Jayden,Danns,Danns,12,4,43,0.1,0,0,0,0,0,0,0,0,0,0,0,0.00,0.00,0.00,0.00,0.0,0.0,0.0,0.0,i,0.0,FWD,4.3
499,Alexander,Isak,Isak,12,4,103,3.5,29,501,2,1,1,0,7,0,0,2,6,2.04,0.07,2.11,5.10,0.0,2.9,0.0,2.8,i,0.0,FWD,10.3
661,Hugo,Ekitiké,Ekitiké,12,4,93,36.1,125,1797,11,4,7,0,25,0,0,22,21,10.10,2.45,12.55,26.11,4.2,4.5,0.5,13.4,a,100.0,FWD,9.3
686,Rio,Ngumoha,Ngumoha,12,3,43,0.8,20,218,1,0,1,0,5,0,0,0,1,0.82,1.31,2.13,4.90,1.4,1.5,0.3,4.7,a,,MID,4.3
692,Giovanni,Leoni,Leoni,12,2,49,0.0,0,0,0,0,0,0,0,0,0,0,0,0.00,0.00,0.00,0.00,0.0,0.0,0.0,0.0,i,0.0,DEF,4.9
746,Kieran,Morrison,Morrison,12,3,45,0.0,0,0,0,0,0,0,0,0,0,0,0,0.00,0.00,0.00,0.00,0.0,0.0,0.0,0.0,a,,MID,4.5
760,Wellity,Lucky,Lucky,12,2,40,0.0,0,0,0,0,0,0,0,0,0,0,0,0.00,0.00,0.00,0.00,0.0,0.0,0.0,0.0,a,,DEF,4.0
82,Antoine,Semenyo,Semenyo,13,3,82,53.5,174,2590,15,6,8,0,47,6,0,17,29,9.93,2.33,12.26,40.65,5.2,6.0,0.6,21.2,a,100.0,MID,8.2
182,James,Trafford,Trafford,13,1,45,0.9,11,270,0,0,1,11,4,0,0,0,3,0.00,0.00,0.00,3.97,0.0,3.7,0.0,2.4,a,,GK,4.5
260,Marc,Guéhi,Guéhi,13,2,51,33.9,135,2520,2,4,10,0,30,5,0,9,28,3.48,2.10,5.58,35.53,2.8,4.8,0.5,26.5,a,100.0,DEF,5.1
399,Ederson,Santana de Moraes,Ederson M.,13,1,53,0.8,0,0,0,0,0,0,0,0,0,0,0,0.00,0.00,0.00,0.00,0.0,0.0,0.0,0.0,u,0.0,GK,5.3
401,Marcus,Bettinelli,Bettinelli,13,1,38,0.4,0,0,0,0,0,0,0,0,0,0,0,0.00,0.00,0.00,0.00,0.0,0.0,0.0,0.0,a,100.0,GK,3.8
402,Rayan,Aït-Nouri,Aït-Nouri,13,2,57,4.4,44,778,0,2,3,0,8,2,0,7,10,0.41,1.60,2.01,9.80,4.5,3.4,0.8,7.7,a,100.0,DEF,5.7
403,Joško,Gvardiol,Gvardiol,13,2,59,3.3,77,1301,2,2,6,0,13,2,0,5,15,2.19,0.64,2.83,15.29,0.0,4.8,0.0,13.1,i,0.0,DEF,5.9
404,Manuel,Akanji,Akanji,13,2,54,0.3,0,0,0,0,0,0,0,0,0,0,0,0.00,0.00,0.00,0.00,0.0,0.0,0.0,0.0,u,0.0,DEF,5.4
405,Nathan,Aké,Aké,13,2,52,0.6,27,487,0,0,2,0,7,1,0,1,4,0.28,0.44,0.72,7.92,0.2,1.9,0.0,5.2,a,,DEF,5.2
406,Abdukodir,Khusanov,Khusanov,13,2,54,0.4,35,887,0,0,3,0,8,2,0,0,9,0.44,0.13,0.57,12.08,1.0,2.3,0.2,6.5,a,100.0,DEF,5.4
407,Matheus,Nunes,Matheus N.,13,2,53,3.0,128,2264,1,7,9,0,23,4,0,16,25,0.34,1.83,2.17,26.11,3.2,4.7,0.6,24.2,a,100.0,DEF,5.3
408,Rúben,dos Santos Gato Alves Dias,Rúben,13,2,55,3.4,112,2049,2,0,12,0,20,3,0,4,23,0.57,0.63,1.20,24.30,2.5,4.5,0.5,20.4,a,100.0,DEF,5.5
409,John,Stones,Stones,13,2,54,0.6,12,351,0,0,1,0,8,0,0,0,4,0.00,0.06,0.06,5.05,0.0,1.7,0.0,2.2,a,100.0,DEF,5.4
410,Rico,Lewis,Lewis,13,2,46,1.2,19,311,0,1,1,0,5,1,0,2,3,0.11,1.31,1.42,5.04,0.0,1.9,0.0,4.1,a,100.0,DEF,4.6
411,Nico,O'Reilly,O'Reilly,13,2,50,8.6,125,2130,4,3,11,0,20,4,0,6,23,3.98,1.72,5.70,27.49,6.2,4.5,1.2,25.0,a,100.0,DEF,5.0
412,Vitor,de Oliveira Nunes dos Reis,Vitor Reis,13,2,50,0.0,0,0,0,0,0,0,0,0,0,0,0,0.00,0.00,0.00,0.00,0.0,0.0,0.0,0.0,u,0.0,DEF,5.0
413,Omar,Marmoush,Marmoush,13,3,83,2.5,40,566,1,3,3,0,5,2,0,4,7,2.22,0.68,2.90,6.58,2.5,2.4,0.3,4.8,a,100.0,MID,8.3
414,Phil,Foden,Foden,13,3,80,8.1,112,1808,7,3,10,0,16,4,0,10,21,5.34,3.98,9.32,21.81,1.0,4.3,0.1,14.0,a,100.0,MID,8.0
415,Sávio,Moreira de Oliveira,Savinho,13,3,69,0.4,27,561,0,2,2,0,5,2,0,0,5,1.77,1.19,2.96,6.60,0.2,1.6,0.0,3.9,a,100.0,MID,6.9
416,Bernardo,Mota Veiga de Carvalho e Silva,Bernardo,13,3,62,0.6,81,2242,2,4,9,0,24,9,0,4,26,1.63,3.37,4.99,28.10,3.8,2.7,0.6,13.1,a,100.0,MID,6.2
417,Rayan,Cherki,Cherki,13,3,63,6.9,100,1297,3,9,6,0,13,1,0,12,14,2.55,6.88,9.43,16.99,2.5,4.0,0.4,15.9,a,100.0,MID,6.3
418,Jérémy,Doku,Doku,13,3,64,2.3,74,1222,1,7,5,0,13,0,0,9,13,1.88,4.57,6.45,15.76,0.5,3.4,0.1,11.6,a,100.0,MID,6.4
420,İlkay,Gündoğan,Gündoğan,13,3,63,0.1,0,0,0,0,0,0,0,0,0,0,0,0.00,0.00,0.00,0.00,0.0,0.0,0.0,0.0,u,0.0,MID,6.3
421,Rodrigo 'Rodri',Hernandez Cascante,Rodrigo,13,3,63,0.5,57,1243,1,0,4,0,13,2,0,5,14,0.75,2.14,2.89,16.11,5.5,3.2,0.9,9.0,a,100.0,MID,6.3
422,Mateo,Kovačić,Kovačić,13,3,58,0.0,1,4,0,0,0,0,0,0,0,0,0,0.00,0.00,0.00,0.00,0.0,1.0,0.0,0.2,a,100.0,MID,5.8
423,Nico,González Iglesias,N.Gonzalez,13,3,59,0.1,55,1370,1,0,7,0,14,6,0,1,15,0.56,1.00,1.56,16.77,0.0,2.6,0.0,9.3,a,100.0,MID,5.9
425,Claudio,Echeverri,Echeverri,13,3,54,0.0,0,0,0,0,0,0,0,0,0,0,0,0.00,0.00,0.00,0.00,0.0,0.0,0.0,0.0,u,0.0,MID,5.4
427,Tijjani,Reijnders,Reijnders,13,3,50,9.4,86,1488,5,2,7,0,16,2,0,6,17,3.96,2.27,6.23,17.28,0.5,3.3,0.1,17.2,a,,MID,5.0
428,Sverre,Nypan,Nypan,13,3,50,0.0,0,0,0,0,0,0,0,0,0,0,0,0.00,0.00,0.00,0.00,0.0,0.0,0.0,0.0,a,100.0,MID,5.0
429,Kalvin,Phillips,Phillips,13,3,47,0.1,0,0,0,0,0,0,0,0,0,0,0,0.00,0.00,0.00,0.00,0.0,0.0,0.0,0.0,u,0.0,MID,4.7
430,Erling,Haaland,Haaland,13,4,145,55.0,197,2413,22,7,10,0,27,1,0,35,28,21.06,1.94,23.00,30.23,2.5,6.8,0.2,13.6,a,100.0,FWD,14.5
736,Gianluigi,Donnarumma,Donnarumma,13,1,56,9.3,104,2430,0,0,11,64,24,6,0,3,27,0.00,0.00,0.00,29.45,3.2,3.9,0.6,18.6,a,,GK,5.6
739,Divine,Mukasa,Mukasa,13,3,44,0.0,2,25,0,0,0,0,0,0,0,0,0,0.00,0.21,0.21,0.34,0.0,1.0,0.0,0.5,u,0.0,MID,4.4
740,Stephen,Mfuni,Mfuni,13,2,39,0.0,0,0,0,0,0,0,0,0,0,0,0,0.00,0.00,0.00,0.00,0.0,0.0,0.0,0.0,u,0.0,DEF,3.9
742,Ryan,McAidoo,McAidoo,13,3,45,0.0,0,0,0,0,0,0,0,0,0,0,0,0.00,0.00,0.00,0.00,0.0,0.0,0.0,0.0,a,,MID,4.5
763,Charlie,Gray,Gray,13,3,45,0.0,0,0,0,0,0,0,0,0,0,0,0,0.00,0.00,0.00,0.00,0.0,0.0,0.0,0.0,a,,MID,4.5
764,Reigan,Heskey,Heskey,13,3,45,0.0,0,0,0,0,0,0,0,0,0,0,0,0.00,0.00,0.00,0.00,0.0,0.0,0.0,0.0,a,,MID,4.5
794,Max,Alleyne,Alleyne,13,2,39,0.0,5,135,0,0,0,0,1,0,0,0,2,0.26,0.06,0.32,1.54,0.0,2.5,0.0,1.3,a,100.0,DEF,3.9
119,Bryan,Mbeumo,Mbeumo,14,3,86,22.5,122,2191,9,3,5,0,33,4,0,15,26,7.97,4.28,12.25,29.45,2.6,4.7,0.3,14.2,a,100.0,MID,8.6
431,Altay,Bayındır,Bayindir,14,1,47,0.3,11,540,0,0,0,13,11,0,0,0,6,0.00,0.05,0.05,9.24,0.0,1.8,0.0,2.3,a,,GK,4.7
432,André,Onana,Onana,14,1,49,0.1,0,0,0,0,0,0,0,0,0,0,0,0.00,0.00,0.00,0.00,0.0,0.0,0.0,0.0,u,0.0,GK,4.9
433,Elyh,Harrison,Harrison,14,1,40,0.0,0,0,0,0,0,0,0,0,0,0,0,0.00,0.00,0.00,0.00,0.0,0.0,0.0,0.0,u,0.0,GK,4.0
434,Tom,Heaton,Heaton,14,1,38,0.3,0,0,0,0,0,0,0,0,0,0,0,0.00,0.00,0.00,0.00,0.0,0.0,0.0,0.0,a,,GK,3.8
435,Dermot,Mee,Mee,14,1,39,0.1,0,0,0,0,0,0,0,0,0,0,0,0.00,0.00,0.00,0.00,0.0,0.0,0.0,0.0,a,,GK,3.9
436,Matthijs,de Ligt,De Ligt,14,2,49,1.8,43,1170,1,0,1,0,20,0,0,5,13,1.38,0.83,2.21,18.73,0.0,3.3,0.0,8.8,i,0.0,DEF,4.9
437,Lisandro,Martínez,Martinez,14,2,48,0.5,39,904,0,0,3,0,11,0,0,3,9,0.06,0.50,0.56,9.34,0.0,2.8,0.0,8.1,i,0.0,DEF,4.8
438,Noussair,Mazraoui,Mazraoui,14,2,49,0.2,28,610,0,0,2,0,7,3,0,3,7,0.17,0.28,0.44,6.96,1.6,1.9,0.3,5.7,d,75.0,DEF,4.9
439,Diego,León Blanco,D.Leon,14,2,42,0.1,0,0,0,0,0,0,0,0,0,0,0,0.00,0.00,0.00,0.00,0.0,0.0,0.0,0.0,a,,DEF,4.2
440,Diogo,Dalot Teixeira,Dalot,14,2,46,5.1,98,2229,1,6,6,0,35,5,0,9,25,1.55,2.38,3.93,30.22,2.4,3.4,0.5,21.3,a,100.0,DEF,4.6
441,Patrick,Dorgu,Dorgu,14,2,41,2.8,74,1329,3,3,3,0,20,5,0,8,14,1.86,1.42,3.28,18.78,0.0,3.4,0.0,18.0,i,0.0,DEF,4.1
442,Harry,Maguire,Maguire,14,2,44,1.8,63,1199,1,1,5,0,15,3,1,3,14,0.81,0.20,1.01,16.49,2.2,3.5,0.5,14.3,s,0.0,DEF,4.4
443,Luke,Shaw,Shaw,14,2,45,0.8,75,2617,0,1,6,0,39,5,0,0,31,0.51,1.51,2.01,34.81,2.6,2.4,0.6,16.7,a,100.0,DEF,4.5
444,Leny,Yoro,Yoro,14,2,41,1.3,50,1606,0,1,2,0,30,1,0,1,17,1.14,0.40,1.54,23.83,2.6,1.8,0.6,12.2,a,,DEF,4.1
445,Harry,Amass,Amass,14,2,40,0.1,0,0,0,0,0,0,0,0,0,0,0,0.00,0.00,0.00,0.00,0.0,0.0,0.0,0.0,u,0.0,DEF,4.0
446,Tyler,Fredricson,Fredricson,14,2,37,0.1,1,2,0,0,0,0,0,0,0,0,0,0.00,0.00,0.00,0.30,0.0,1.0,0.0,0.3,a,,DEF,3.7
447,Ayden,Heaven,Heaven,14,2,37,2.1,28,650,0,1,1,0,12,2,0,0,8,0.34,0.17,0.51,8.03,0.4,2.0,0.1,7.6,a,100.0,DEF,3.7
448,Tyrell,Malacia,Malacia,14,2,38,0.4,2,7,0,0,0,0,1,0,0,0,0,0.00,0.00,0.00,0.35,0.2,1.0,0.1,0.5,a,,DEF,3.8
449,Bruno,Borges Fernandes,B.Fernandes,14,3,102,43.7,189,2435,8,17,4,0,39,3,0,36,28,10.32,8.94,19.26,34.01,9.2,6.8,0.9,18.5,a,100.0,MID,10.2
450,Matheus,Santos Carneiro da Cunha,Cunha,14,3,80,8.2,117,2068,7,4,6,0,29,1,0,12,24,5.80,2.65,8.45,27.91,4.8,4.2,0.6,14.6,a,100.0,MID,8.0
451,Marcus,Rashford,Rashford,14,3,70,0.0,0,0,0,0,0,0,0,0,0,0,0,0.00,0.00,0.00,0.00,0.0,0.0,0.0,0.0,u,0.0,MID,7.0
452,Amad,Diallo,Amad,14,3,62,1.4,74,1916,2,4,4,0,27,2,0,6,22,4.57,3.51,8.08,24.05,1.4,3.0,0.2,11.9,a,100.0,MID,6.2
454,Antony,dos Santos,Antony,14,3,59,0.1,0,0,0,0,0,0,0,0,0,0,0,0.00,0.00,0.00,0.00,0.0,0.0,0.0,0.0,u,0.0,MID,5.9
455,Mason,Mount,Mount,14,3,59,0.3,47,813,3,0,3,0,14,0,0,3,10,1.54,1.40,2.94,10.30,0.2,2.6,0.0,8.0,a,100.0,MID,5.9
457,Carlos Henrique,Casimiro,Casemiro,14,3,57,3.2,134,2135,7,4,8,0,25,8,1,15,28,4.66,2.92,7.58,23.67,4.8,4.6,0.8,23.5,a,100.0,MID,5.7
458,Kobbie,Mainoo,Mainoo,14,3,46,1.3,45,1113,0,2,3,0,17,0,0,0,10,0.24,0.83,1.07,14.84,2.6,2.0,0.6,9.8,a,100.0,MID,4.6
459,Manuel,Ugarte Ribeiro,Ugarte,14,3,47,0.1,34,786,0,0,1,0,21,1,0,0,7,0.50,0.15,0.65,15.82,0.6,1.6,0.1,7.2,a,,MID,4.7
460,Toby,Collyer,Collyer,14,3,45,0.0,0,0,0,0,0,0,0,0,0,0,0,0.00,0.00,0.00,0.00,0.0,0.0,0.0,0.0,u,0.0,MID,4.5
461,Jayce,Fitzgerald,Fitzgerald,14,3,43,0.0,0,0,0,0,0,0,0,0,0,0,0,0.00,0.00,0.00,0.00,0.0,0.0,0.0,0.0,a,,MID,4.3
462,Jack,Fletcher,J.Fletcher,14,3,43,0.1,3,107,0,0,0,0,0,0,0,0,0,0.03,0.02,0.05,1.86,0.0,1.0,0.0,0.7,a,,MID,4.3
463,Sékou,Koné,Kone,14,3,43,0.1,0,0,0,0,0,0,0,0,0,0,0,0.00,0.00,0.00,0.00,0.0,0.0,0.0,0.0,u,0.0,MID,4.3
464,Jack,Moorhouse,Moorhouse,14,3,45,0.0,0,0,0,0,0,0,0,0,0,0,0,0.00,0.00,0.00,0.00,0.0,0.0,0.0,0.0,u,0.0,MID,4.5
465,Rasmus,Højlund,Højlund,14,4,63,0.3,0,0,0,0,0,0,0,0,0,0,0,0.00,0.00,0.00,0.00,0.0,0.0,0.0,0.0,u,0.0,FWD,6.3
466,Joshua,Zirkzee,Zirkzee,14,4,58,0.4,37,509,2,1,1,0,8,1,0,6,4,2.18,0.32,2.50,7.63,0.4,2.1,0.1,6.4,a,100.0,FWD,5.8
467,Chido,Obi,Obi,14,4,42,1.5,0,0,0,0,0,0,0,0,0,0,0,0.00,0.00,0.00,0.00,0.0,0.0,0.0,0.0,a,,FWD,4.2
468,Ethan,Wheatley,Wheatley,14,4,45,0.1,0,0,0,0,0,0,0,0,0,0,0,0.00,0.00,0.00,0.00,0.0,0.0,0.0,0.0,u,0.0,FWD,4.5
681,Benjamin,Sesko,Šeško,14,4,74,6.9,94,1329,9,2,1,0,27,2,0,17,13,7.19,0.22,7.41,21.64,4.6,3.6,0.6,12.7,a,100.0,FWD,7.4
733,Senne,Lammens,Lammens,14,1,50,2.8,76,2250,0,0,5,57,32,0,0,6,25,0.00,0.00,0.00,28.84,3.4,3.0,0.7,15.2,a,,GK,5.0
755,Shea,Lacey,Lacey,14,3,45,0.0,2,12,0,0,0,0,0,0,0,0,0,0.07,0.00,0.07,0.11,0.0,1.0,0.0,0.4,a,100.0,MID,4.5
769,Bendito,Mantato,Bendito Mantato,14,3,45,0.0,1,15,0,0,0,0,0,0,0,0,0,0.00,0.01,0.01,0.05,0.0,1.0,0.0,0.2,a,,MID,4.5
771,Tyler,Fletcher,Fletcher,14,3,44,0.0,1,1,0,0,0,0,0,0,0,0,0,0.00,0.01,0.01,0.02,0.0,1.0,0.0,0.2,a,,MID,4.4
788,Godwill,Kukonki,Kukonki,14,2,40,0.0,0,0,0,0,0,0,0,0,0,0,0,0.00,0.00,0.00,0.00,0.0,0.0,0.0,0.0,a,,DEF,4.0
52,Jacob,Ramsey,J.Ramsey,15,3,53,0.2,37,984,2,1,1,0,22,3,1,1,10,1.02,0.88,1.90,17.90,2.6,1.9,0.5,7.0,a,100.0,MID,5.3
135,Yoane,Wissa,Wissa,15,4,73,0.6,19,421,1,0,1,0,8,1,0,0,4,1.95,0.53,2.48,7.01,0.2,1.6,0.0,2.6,a,100.0,FWD,7.3
469,Nick,Pope,Pope,15,1,51,4.5,82,1966,0,1,7,67,32,1,0,3,22,0.16,0.00,0.16,27.01,0.6,3.7,0.1,16.1,a,100.0,GK,5.1
471,Mark,Gillespie,Gillespie,15,1,39,0.1,0,0,0,0,0,0,0,0,0,0,0,0.00,0.00,0.00,0.00,0.0,0.0,0.0,0.0,a,,GK,3.9
472,Odysseas,Vlachodimos,Odysseas,15,1,40,0.0,0,0,0,0,0,0,0,0,0,0,0,0.00,0.00,0.00,0.00,0.0,0.0,0.0,0.0,u,0.0,GK,4.0
473,Lewis,Hall,Hall,15,2,54,4.2,71,1659,1,2,4,0,30,3,0,4,18,0.73,2.02,2.75,26.16,3.0,3.1,0.6,13.1,a,100.0,DEF,5.4
474,Fabian,Schär,Schär,15,2,52,1.2,51,1089,0,0,4,0,13,1,0,0,11,0.97,0.60,1.57,13.85,0.0,3.2,0.0,9.8,i,0.0,DEF,5.2
475,Sven,Botman,Botman,15,2,49,0.4,64,1151,1,1,5,0,17,1,0,6,13,1.28,0.28,1.56,15.96,2.2,3.8,0.4,13.1,a,100.0,DEF,4.9
476,Dan,Burn,Burn,15,2,50,3.5,75,1721,0,3,6,0,28,7,1,5,20,0.19,0.32,0.51,21.96,1.0,3.4,0.2,15.0,a,100.0,DEF,5.0
477,Tino,Livramento,Livramento,15,2,49,1.9,55,1138,0,1,6,0,10,1,0,3,12,0.12,0.78,0.90,12.39,1.2,3.9,0.2,11.2,a,100.0,DEF,4.9
478,Kieran,Trippier,Trippier,15,2,49,1.4,48,1392,0,1,5,0,24,3,0,2,16,0.08,1.85,1.93,18.52,1.4,2.8,0.3,9.8,a,100.0,DEF,4.9
479,Emil,Krafth,Krafth,15,2,43,0.0,0,45,0,0,0,0,2,0,0,0,1,0.00,0.00,0.00,0.25,0.0,0.0,0.0,0.0,i,0.0,DEF,4.3
480,Jamaal,Lascelles,Lascelles,15,2,43,0.0,1,19,0,0,0,0,2,0,0,0,0,0.04,0.00,0.04,0.55,0.0,0.5,0.0,0.2,u,0.0,DEF,4.3
481,Alex,Murphy,A.Murphy,15,2,38,0.7,1,1,0,0,0,0,1,0,0,0,0,0.00,0.00,0.00,0.27,0.0,1.0,0.0,0.3,a,,DEF,3.8
482,Harrison,Ashby,Ashby,15,2,39,0.1,0,0,0,0,0,0,0,0,0,0,0,0.00,0.00,0.00,0.00,0.0,0.0,0.0,0.0,u,0.0,DEF,3.9
483,Miodrag,Pivaš,Pivas,15,2,38,0.4,0,0,0,0,0,0,0,0,0,0,0,0.00,0.00,0.00,0.00,0.0,0.0,0.0,0.0,a,,DEF,3.8
484,Matt,Targett,Targett,15,2,40,0.1,0,0,0,0,0,0,0,0,0,0,0,0.00,0.00,0.00,0.00,0.0,0.0,0.0,0.0,u,0.0,DEF,4.0
485,Anthony,Gordon,Gordon,15,3,74,6.9,88,1640,5,4,7,0,29,3,1,7,22,8.27,3.33,11.60,21.84,4.4,3.7,0.6,11.9,a,100.0,MID,7.4
486,Anthony,Elanga,Elanga,15,3,65,2.7,40,1143,0,1,2,0,25,0,0,0,12,1.35,1.68,3.03,17.06,1.2,1.5,0.2,6.2,a,100.0,MID,6.5
487,Harvey,Barnes,Barnes,15,3,61,1.2,81,1573,5,0,5,0,23,1,0,8,16,5.89,2.15,8.04,22.19,1.0,2.8,0.2,13.3,a,,MID,6.1
488,Bruno,Guimarães Rodriguez Moura,Bruno G.,15,3,68,4.6,134,2019,9,6,6,0,31,5,0,19,22,4.82,3.62,8.44,26.13,0.0,5.8,0.0,19.7,i,0.0,MID,6.8
489,Jacob,Murphy,J.Murphy,15,3,59,0.6,64,1211,3,1,7,0,13,1,0,2,14,2.89,2.39,5.28,16.50,2.2,2.6,0.4,10.8,a,100.0,MID,5.9
490,Joelinton Cássio,Apolinário de Lira,Joelinton,15,3,59,0.3,63,1597,2,1,5,0,22,8,0,2,19,2.04,1.13,3.17,21.96,1.4,2.7,0.2,10.7,a,100.0,MID,5.9
491,Sandro,Tonali,Tonali,15,3,53,1.1,71,2037,0,2,7,0,31,3,0,2,25,1.56,2.35,3.91,27.26,2.0,2.4,0.4,13.4,d,75.0,MID,5.3
492,Antoñito,Cordero Campillo,Antoñito C.,15,3,49,0.0,0,0,0,0,0,0,0,0,0,0,0,0.00,0.00,0.00,0.00,0.0,0.0,0.0,0.0,u,0.0,MID,4.9
494,Joe,Willock,Willock,15,3,50,0.1,27,668,0,1,3,0,12,3,0,0,7,0.81,0.63,1.44,12.52,1.4,1.4,0.3,5.4,a,100.0,MID,5.0
495,Isaac,Hayden,Hayden,15,3,45,0.0,0,0,0,0,0,0,0,0,0,0,0,0.00,0.00,0.00,0.00,0.0,0.0,0.0,0.0,u,0.0,MID,4.5
496,Garang,Kuol,Kuol,15,3,44,0.0,0,0,0,0,0,0,0,0,0,0,0,0.00,0.00,0.00,0.00,0.0,0.0,0.0,0.0,u,0.0,MID,4.4
497,Lewis,Miley,L.Miley,15,3,44,1.9,58,1133,1,3,2,0,16,0,0,4,11,1.36,2.00,3.36,13.65,0.0,3.1,0.0,13.2,i,0.0,MID,4.4
498,Joe,White,White,15,3,45,0.0,0,0,0,0,0,0,0,0,0,0,0,0.00,0.00,0.00,0.00,0.0,0.0,0.0,0.0,u,0.0,MID,4.5
500,William,Osula,Osula,15,4,54,0.2,30,267,2,1,1,0,6,0,0,2,1,0.69,0.04,0.73,4.77,1.8,1.9,0.3,5.6,a,100.0,FWD,5.4
501,Sean,Neave,Neave,15,4,43,0.3,0,0,0,0,0,0,0,0,0,0,0,0.00,0.00,0.00,0.00,0.0,0.0,0.0,0.0,a,,FWD,4.3
674,Aaron,Ramsdale,Ramsdale,15,1,48,0.8,21,733,0,0,1,17,11,1,0,1,8,0.00,0.00,0.00,10.83,2.0,2.3,0.4,4.4,a,,GK,4.8
684,Malick,Thiaw,Thiaw,15,2,51,8.2,114,2297,4,0,5,0,40,3,0,12,26,3.74,0.88,4.62,35.52,3.4,4.2,0.7,22.4,a,,DEF,5.1
689,Seung-Soo,Park,Seung soo,15,3,43,0.5,0,0,0,0,0,0,0,0,0,0,0,0.00,0.00,0.00,0.00,0.0,0.0,0.0,0.0,a,,MID,4.3
714,Nick,Woltemade,Woltemade,15,4,67,6.8,88,1596,7,3,7,0,25,0,0,10,20,6.25,0.79,7.04,20.99,0.8,3.4,0.1,13.1,a,100.0,FWD,6.7
753,John,Ruddy,Ruddy,15,1,40,0.0,0,0,0,0,0,0,0,0,0,0,0,0.00,0.00,0.00,0.00,0.0,0.0,0.0,0.0,a,,GK,4.0
765,Leo,Shahar,Shahar,15,2,40,0.0,0,0,0,0,0,0,0,0,0,0,0,0.00,0.00,0.00,0.00,0.0,0.0,0.0,0.0,a,,DEF,4.0
772,Sam,Alabi,Alabi,15,3,45,0.0,0,0,0,0,0,0,0,0,0,0,0,0.00,0.00,0.00,0.00,0.0,0.0,0.0,0.0,a,,MID,4.5
12,Oleksandr,Zinchenko,Zinchenko,16,2,49,0.2,7,352,0,0,0,0,6,0,0,0,4,0.07,0.36,0.43,5.02,0.0,1.4,0.0,1.4,u,0.0,DEF,4.9
400,Stefan,Ortega Moreno,Ortega Moreno,16,1,47,0.2,11,270,0,0,1,8,4,0,0,0,3,0.00,0.01,0.01,4.65,0.6,3.7,0.1,2.3,a,100.0,GK,4.7
426,James,McAtee,McAtee,16,3,50,0.1,8,172,0,0,0,0,8,1,0,0,1,0.02,0.18,0.20,4.20,0.4,0.9,0.1,1.6,a,,MID,5.0
502,Matz,Sels,Sels,16,1,46,4.8,70,1947,0,0,5,64,31,2,0,3,22,0.00,0.06,0.06,32.75,1.8,3.0,0.4,15.2,a,100.0,GK,4.6
503,Carlos Miguel,dos Santos Pereira,C.Miguel,16,1,40,0.1,0,0,0,0,0,0,0,0,0,0,0,0.00,0.00,0.00,0.00,0.0,0.0,0.0,0.0,u,0.0,GK,4.0
504,Matt,Turner,Turner,16,1,40,0.1,0,0,0,0,0,0,0,0,0,0,0,0.00,0.00,0.00,0.00,0.0,0.0,0.0,0.0,u,0.0,GK,4.0
505,Nikola,Milenković,Milenković,16,2,51,3.2,87,2700,0,0,7,0,43,6,0,1,30,0.81,0.44,1.25,43.74,2.2,2.9,0.4,17.1,a,,DEF,5.1
506,Murillo,Costa dos Santos,Murillo,16,2,52,2.0,75,1909,1,0,5,0,28,4,0,3,22,0.60,0.46,1.06,30.79,2.2,3.4,0.4,14.4,a,100.0,DEF,5.2
507,Ola,Aina,Aina,16,2,47,2.4,48,1229,0,1,4,0,17,3,0,5,14,0.36,0.68,1.04,22.09,2.6,3.4,0.6,10.2,a,100.0,DEF,4.7
508,Neco,Williams,N.Williams,16,2,47,2.9,89,2528,1,1,7,0,40,5,1,9,29,1.60,2.93,4.53,39.33,2.0,3.1,0.4,18.9,a,100.0,DEF,4.7
509,David,Mota Veiga Teixeira do Carmo,David Carmo,16,2,45,0.0,0,0,0,0,0,0,0,0,0,0,0,0.00,0.00,0.00,0.00,0.0,0.0,0.0,0.0,u,0.0,DEF,4.5
510,Jair,Paula da Cunha Filho,Jair Cunha,16,2,42,0.1,5,214,0,0,0,0,4,0,0,0,2,0.14,0.00,0.14,5.45,0.4,1.7,0.1,1.2,d,50.0,DEF,4.2
511,Felipe,Rodrigues da Silva,Morato,16,2,43,0.1,35,938,0,0,2,0,17,4,0,1,10,0.83,0.08,0.91,14.83,0.2,2.3,0.0,8.1,a,,DEF,4.3
512,Omar,Richards,O.Richards,16,2,45,0.0,0,0,0,0,0,0,0,0,0,0,0,0.00,0.00,0.00,0.00,0.0,0.0,0.0,0.0,u,0.0,DEF,4.5
513,Zach,Abbott,Abbott,16,2,38,0.3,2,120,0,0,0,0,4,0,0,0,1,0.00,0.01,0.01,3.13,0.0,1.0,0.0,0.5,a,,DEF,3.8
514,Willy,Boly,Boly,16,2,38,0.3,0,0,0,0,0,0,0,0,0,0,0,0.00,0.00,0.00,0.00,0.0,0.0,0.0,0.0,i,0.0,DEF,3.8
515,Morgan,Gibbs-White,Gibbs-White,16,3,74,4.8,125,2550,8,2,8,0,39,1,0,11,29,7.69,2.12,9.81,41.23,4.4,4.2,0.6,16.9,a,100.0,MID,7.4
516,Callum,Hudson-Odoi,Hudson-Odoi,16,3,57,0.7,75,1679,3,2,5,0,25,0,0,6,19,2.69,2.35,5.04,29.23,2.0,2.7,0.4,13.2,a,100.0,MID,5.7
517,Elliot,Anderson,Anderson,16,3,55,8.4,133,2683,2,3,8,0,42,6,0,10,30,2.52,3.40,5.92,42.54,4.0,4.4,0.7,24.2,a,,MID,5.5
518,João Pedro,Ferreira da Silva,Jota,16,3,54,0.0,1,11,0,0,0,0,0,0,0,0,0,0.00,0.00,0.00,0.00,0.0,1.0,0.0,0.2,u,0.0,MID,5.4
519,Nicolás,Domínguez,Dominguez,16,3,50,0.0,37,931,1,0,3,0,18,2,0,3,14,1.15,0.44,1.59,17.88,0.8,1.9,0.2,7.4,a,100.0,MID,5.0
520,Lewis,O'Brien,O'Brien,16,3,50,0.0,0,0,0,0,0,0,0,0,0,0,0,0.00,0.00,0.00,0.00,0.0,0.0,0.0,0.0,u,0.0,MID,5.0
521,Ibrahim,Sangaré,Sangaré,16,3,49,0.1,71,1674,2,2,7,0,22,4,0,2,20,1.16,1.66,2.82,27.72,2.0,3.2,0.4,14.5,a,100.0,MID,4.9
522,Ryan,Yates,Yates,16,3,47,0.1,19,384,0,1,0,0,5,1,0,0,1,0.22,0.19,0.41,4.48,0.4,1.3,0.1,4.0,a,100.0,MID,4.7
523,Eric,da Silva Moreira,Da Silva Moreira,16,3,45,0.1,0,0,0,0,0,0,0,0,0,0,0,0.00,0.00,0.00,0.00,0.0,0.0,0.0,0.0,a,100.0,MID,4.5
524,Marko,Stamenić,Stamenic,16,3,45,0.0,0,0,0,0,0,0,0,0,0,0,0,0.00,0.00,0.00,0.00,0.0,0.0,0.0,0.0,u,0.0,MID,4.5
525,Chris,Wood,Wood,16,4,71,4.5,25,538,2,0,1,0,8,0,0,3,7,2.81,0.11,2.92,7.84,0.0,3.1,0.0,3.5,i,0.0,FWD,7.1
526,Igor Jesus,Maciel da Cruz,Igor Jesus,16,4,58,1.2,73,1724,2,4,7,0,31,0,0,6,21,4.33,1.06,5.39,29.31,2.8,2.5,0.5,12.6,a,100.0,FWD,5.8
527,Taiwo,Awoniyi,Awoniyi,16,4,52,0.3,16,249,1,0,0,0,2,0,0,1,1,1.59,0.39,1.98,4.60,0.6,1.5,0.1,3.1,a,100.0,FWD,5.2
669,Dan,Ndoye,Ndoye,16,3,55,0.7,48,1156,1,2,2,0,17,1,0,4,14,1.05,1.51,2.56,15.69,0.6,2.2,0.1,8.7,a,100.0,MID,5.5
675,Angus,Gunn,Gunn,16,1,40,1.1,1,45,0,0,0,0,0,0,0,0,0,0.00,0.00,0.00,0.21,0.0,1.0,0.0,0.2,a,100.0,GK,4.0
693,Omari,Hutchinson,Hutchinson,16,3,54,0.1,61,1198,1,5,4,0,17,0,0,3,11,1.72,3.01,4.73,17.47,1.0,2.7,0.2,11.3,a,,MID,5.4
696,Arnaud,Kalimuendo,Kalimuendo,16,4,60,0.1,9,89,0,0,0,0,3,0,0,0,0,0.44,0.02,0.46,1.57,0.0,1.0,0.0,1.5,u,0.0,FWD,6.0
715,John Victor,Maciel Furtado,John,16,1,40,0.3,11,437,0,0,1,6,8,1,0,0,5,0.00,0.00,0.00,6.13,0.0,2.2,0.0,2.8,i,0.0,GK,4.0
716,Nicolò,Savona,Savona,16,2,45,0.1,39,1025,2,0,3,0,18,2,0,0,11,1.34,0.45,1.79,15.04,0.0,2.8,0.0,8.7,i,0.0,DEF,4.5
729,Luis Eduardo,Soares da Silva,Cuiabano,16,2,45,0.0,0,0,0,0,0,0,0,0,0,0,0,0.00,0.00,0.00,0.00,0.0,0.0,0.0,0.0,u,0.0,DEF,4.5
734,Dilane,Bakwa,Bakwa,16,3,59,0.0,14,342,0,1,0,0,8,1,0,0,3,0.50,0.68,1.18,6.73,0.4,1.4,0.1,2.4,a,100.0,MID,5.9
805,Lorenzo,Lucca,Lucca,16,4,55,0.0,8,119,1,0,1,0,1,0,0,0,1,0.72,0.01,0.73,1.87,0.2,2.7,0.0,1.5,a,,FWD,5.5
814,Luca,Netz,Netz,16,2,45,0.0,2,48,0,0,0,0,0,0,0,0,0,0.00,0.36,0.36,0.05,0.2,1.0,0.0,0.4,a,,DEF,4.5
528,Anthony,Patterson,Patterson,17,1,42,0.2,0,0,0,0,0,0,0,0,0,0,0,0.00,0.00,0.00,0.00,0.0,0.0,0.0,0.0,u,0.0,GK,4.2
529,Simon,Moore,Moore,17,1,39,0.4,0,0,0,0,0,0,0,0,0,0,0,0.00,0.00,0.00,0.00,0.0,0.0,0.0,0.0,a,,GK,3.9
530,Blondy,Nna Noukeu,Nna Noukeu,17,1,39,0.1,0,0,0,0,0,0,0,0,0,0,0,0.00,0.00,0.00,0.00,0.0,0.0,0.0,0.0,u,0.0,GK,3.9
531,Daniel,Ballard,Ballard,17,2,47,3.8,118,2004,2,2,6,0,28,3,0,9,22,2.42,0.58,3.00,31.12,4.2,4.5,0.9,25.1,d,75.0,DEF,4.7
532,Trai,Hume,Hume,17,2,45,0.3,87,2489,0,1,8,0,32,7,0,6,28,1.64,1.02,2.66,40.53,2.6,2.9,0.6,19.3,a,,DEF,4.5
533,Aji,Alese,Alese,17,2,40,0.0,0,0,0,0,0,0,0,0,0,0,0,0.00,0.00,0.00,0.00,0.0,0.0,0.0,0.0,u,0.0,DEF,4.0
534,Joe,Anderson,Anderson,17,2,38,0.3,0,0,0,0,0,0,0,0,0,0,0,0.00,0.00,0.00,0.00,0.0,0.0,0.0,0.0,u,0.0,DEF,3.8
535,Dennis,Cirkin,Cirkin,17,2,40,0.0,14,301,0,0,1,0,2,1,0,0,3,0.08,0.02,0.09,6.04,0.2,2.0,0.0,3.5,a,100.0,DEF,4.0
536,Leo Fuhr,Hjelde,Hjelde,17,2,40,0.0,0,0,0,0,0,0,0,0,0,0,0,0.00,0.00,0.00,0.00,0.0,0.0,0.0,0.0,u,0.0,DEF,4.0
537,Niall,Huggins,Huggins,17,2,40,0.1,0,0,0,0,0,0,0,0,0,0,0,0.00,0.00,0.00,0.00,0.0,0.0,0.0,0.0,u,0.0,DEF,4.0
538,Zak,Johnson,Johnson,17,2,38,0.2,0,0,0,0,0,0,0,0,0,0,0,0.00,0.00,0.00,0.00,0.0,0.0,0.0,0.0,u,0.0,DEF,3.8
539,Luke,O'Nien,O'Nien,17,2,40,0.1,8,138,0,0,1,0,0,1,1,0,1,0.00,0.03,0.03,2.39,1.2,1.1,0.3,2.0,a,100.0,DEF,4.0
540,Timothée,Pembélé,Pembele,17,2,39,0.3,0,0,0,0,0,0,0,0,0,0,0,0.00,0.00,0.00,0.00,0.0,0.0,0.0,0.0,u,0.0,DEF,3.9
541,Reinildo,Mandava,Reinildo,17,2,38,2.8,51,1427,0,2,4,0,20,6,1,5,17,0.13,0.46,0.59,19.99,0.0,3.0,0.0,13.4,a,100.0,DEF,3.8
542,Jenson,Seelt,Seelt,17,2,40,0.1,2,133,0,0,0,0,2,0,0,0,1,0.00,0.01,0.01,1.33,0.0,1.0,0.0,0.5,u,0.0,DEF,4.0
543,Simon,Adingra,Adingra,17,3,49,0.3,34,649,1,1,4,0,8,2,0,3,9,0.35,0.62,0.97,11.30,0.0,2.4,0.0,6.9,u,0.0,MID,4.9
544,Habib,Diarra,Diarra,17,3,53,0.1,46,1015,2,3,4,0,10,4,0,3,11,2.05,0.50,2.55,14.64,3.2,3.5,0.6,8.7,a,100.0,MID,5.3
545,Patrick,Roberts,Roberts,17,3,54,0.0,1,27,0,0,0,0,1,0,0,0,0,0.03,0.02,0.05,0.66,0.0,1.0,0.0,0.2,u,0.0,MID,5.4
546,Milan,Aleksić,Aleksić,17,3,49,0.0,0,0,0,0,0,0,0,0,0,0,0,0.00,0.00,0.00,0.00,0.0,0.0,0.0,0.0,a,100.0,MID,4.9
547,Enzo,Le Fée,E.Le Fée,17,3,50,1.2,107,2295,4,4,8,0,31,5,0,8,26,4.58,2.93,7.51,37.38,3.4,3.8,0.7,21.4,d,75.0,MID,5.0
548,Romaine,Mundle,Mundle,17,3,49,0.0,14,399,0,0,0,0,11,1,0,0,2,0.87,0.48,1.35,8.54,0.2,1.0,0.0,2.9,i,0.0,MID,4.9
549,Dan,Neil,Neil,17,3,48,0.0,3,13,0,0,0,0,0,0,0,0,0,0.00,0.00,0.00,0.64,0.0,1.0,0.0,0.6,u,0.0,MID,4.8
550,Ian,Poveda-Ocampo,Poveda,17,3,47,0.0,0,0,0,0,0,0,0,0,0,0,0,0.00,0.00,0.00,0.00,0.0,0.0,0.0,0.0,a,,MID,4.7
551,Chris,Rigg,Rigg,17,3,47,0.0,18,466,0,0,2,0,3,0,0,0,7,0.42,0.36,0.78,7.09,0.6,1.5,0.1,3.8,a,,MID,4.7
552,Noah,Sadiki,Sadiki,17,3,49,0.1,60,2204,0,1,7,0,29,6,0,0,25,0.46,0.95,1.41,32.02,1.6,2.4,0.3,12.2,a,100.0,MID,4.9
553,Chemsdine,Talbi,Talbi,17,3,49,0.2,67,1230,3,2,6,0,11,0,0,5,13,1.45,0.92,2.36,17.24,0.8,3.0,0.2,13.7,a,100.0,MID,4.9
554,Abdoullah,Ba,Ba,17,3,43,0.3,0,0,0,0,0,0,0,0,0,0,0,0.00,0.00,0.00,0.00,0.0,0.0,0.0,0.0,a,,MID,4.3
555,Alan,Browne,Browne,17,3,45,0.0,0,0,0,0,0,0,0,0,0,0,0,0.00,0.00,0.00,0.00,0.0,0.0,0.0,0.0,u,0.0,MID,4.5
556,Pierre,Ekwah Elimby,Ekwah,17,3,45,0.0,0,0,0,0,0,0,0,0,0,0,0,0.00,0.00,0.00,0.00,0.0,0.0,0.0,0.0,u,0.0,MID,4.5
557,Harrison,Jones,H.Jones,17,3,43,0.1,0,0,0,0,0,0,0,0,0,0,0,0.00,0.00,0.00,0.00,0.0,0.0,0.0,0.0,a,,MID,4.3
558,Jay,Matete,Matete,17,3,43,0.2,0,0,0,0,0,0,0,0,0,0,0,0.00,0.00,0.00,0.00,0.0,0.0,0.0,0.0,u,0.0,MID,4.3
559,Nectarios,Triantis,Triantis,17,3,44,0.0,0,0,0,0,0,0,0,0,0,0,0,0.00,0.00,0.00,0.00,0.0,0.0,0.0,0.0,u,0.0,MID,4.4
560,Wilson,Isidor,Isidor,17,4,51,1.3,60,1056,4,1,4,0,15,1,0,7,11,3.73,0.17,3.90,17.94,1.2,2.3,0.2,11.8,a,100.0,FWD,5.1
561,Eliezer,Mayenda Dossou,Mayenda,17,4,52,0.5,38,749,2,0,3,0,9,0,0,5,8,2.13,0.22,2.35,12.63,2.4,2.1,0.5,7.3,a,,FWD,5.2
562,Ahmed,Abdullahi,Abdullahi,17,4,42,0.4,0,0,0,0,0,0,0,0,0,0,0,0.00,0.00,0.00,0.00,0.0,0.0,0.0,0.0,a,,FWD,4.2
563,Luís Hemir,Silva Semedo,Luís Hemir,17,4,44,0.1,0,0,0,0,0,0,0,0,0,0,0,0.00,0.00,0.00,0.00,0.0,0.0,0.0,0.0,u,0.0,FWD,4.4
564,Nazarii,Rusyn,Rusyn,17,4,44,0.1,0,0,0,0,0,0,0,0,0,0,0,0.00,0.00,0.00,0.00,0.0,0.0,0.0,0.0,u,0.0,FWD,4.4
668,Granit,Xhaka,Xhaka,17,3,51,3.3,95,2181,1,5,7,0,26,5,0,5,24,0.64,2.35,2.99,35.36,1.0,3.7,0.2,18.6,a,100.0,MID,5.1
670,Robin,Roefs,Roefs,17,1,48,8.3,110,2520,0,0,8,85,34,3,0,9,28,0.00,0.10,0.10,41.00,0.6,3.9,0.1,22.9,d,75.0,GK,4.8
678,Arthur,Masuaku,Masuaku,17,2,39,0.5,1,125,0,0,0,0,2,1,0,0,2,0.07,0.08,0.15,2.09,0.0,0.3,0.0,0.3,u,0.0,DEF,3.9
683,Omar,Alderete,Alderete,17,2,41,6.6,102,2263,1,1,8,0,30,5,0,5,25,1.37,0.85,2.21,37.08,2.8,3.9,0.7,24.9,a,100.0,DEF,4.1
694,Nordi,Mukiele,Mukiele,17,2,45,7.1,115,2163,1,5,7,0,28,4,0,8,25,1.02,2.01,3.03,35.72,0.2,4.6,0.0,25.6,d,75.0,DEF,4.5
724,Lutsharel,Geertruida,Geertruida,17,2,45,0.1,43,1321,0,0,2,0,20,0,0,0,13,0.50,0.72,1.22,27.10,1.6,1.8,0.4,9.6,a,,DEF,4.5
730,Brian,Brobbey,Brobbey,17,4,53,0.6,64,1270,5,1,4,0,18,3,0,8,14,2.73,0.41,3.14,22.81,0.6,2.8,0.1,12.1,a,100.0,FWD,5.3
735,Bertrand,Traoré,Traoré,17,3,55,0.0,30,634,1,1,3,0,9,1,0,1,9,0.48,0.25,0.73,9.74,0.4,2.5,0.1,5.5,i,0.0,MID,5.5
774,Jenson,Jones,Jenson Jones,17,2,40,0.0,0,0,0,0,0,0,0,0,0,0,0,0.00,0.00,0.00,0.00,0.0,0.0,0.0,0.0,a,,DEF,4.0
775,Tymur,Tutierov,Tutierov,17,3,45,0.0,0,0,0,0,0,0,0,0,0,0,0,0.00,0.00,0.00,0.00,0.0,0.0,0.0,0.0,u,0.0,MID,4.5
800,Djiamgone Jocelin Ta,Bi,Jocelin.T,17,3,50,0.0,1,38,0,0,0,0,0,0,0,0,1,0.00,0.04,0.04,0.24,0.2,1.0,0.0,0.2,i,0.0,MID,5.0
812,Melker,Ellborg,Ellborg,17,1,40,0.1,13,180,0,0,1,7,1,0,0,3,2,0.00,0.02,0.02,2.83,2.6,6.5,0.6,3.2,a,,GK,4.0
813,Nilson,Angulo,Angulo,17,3,50,0.0,9,254,0,0,1,0,4,0,0,0,3,0.49,0.08,0.57,5.65,1.2,1.8,0.2,1.8,i,0.0,MID,5.0
821,Jack,Whittaker,Whittaker,17,3,45,0.0,0,0,0,0,0,0,0,0,0,0,0,0.00,0.00,0.00,0.00,0.0,0.0,0.0,0.0,a,,MID,4.5
822,Jaydon,Jones,Jones,17,3,45,0.0,0,0,0,0,0,0,0,0,0,0,0,0.00,0.00,0.00,0.00,0.0,0.0,0.0,0.0,a,,MID,4.5
565,Guglielmo,Vicario,Vicario,18,1,47,5.5,88,2700,0,0,7,79,47,1,0,6,30,0.00,0.04,0.04,44.73,1.0,2.9,0.2,18.7,a,,GK,4.7
566,Brandon,Austin,Austin,18,1,39,0.3,0,0,0,0,0,0,0,0,0,0,0,0.00,0.00,0.00,0.00,0.0,0.0,0.0,0.0,a,,GK,3.9
567,Antonín,Kinský,Kinsky,18,1,39,1.6,0,0,0,0,0,0,0,0,0,0,0,0.00,0.00,0.00,0.00,0.0,0.0,0.0,0.0,a,,GK,3.9
568,Pedro,Porro Sauceda,Pedro Porro,18,2,51,9.4,82,2073,0,3,7,0,30,6,0,4,24,0.59,2.93,3.52,30.72,0.6,3.2,0.1,16.1,a,100.0,DEF,5.1
569,Cristian,Romero,Romero,18,2,50,3.1,89,1710,4,1,5,0,29,8,2,10,20,1.33,1.20,2.53,25.77,0.0,4.2,0.0,17.8,a,100.0,DEF,5.0
570,Kevin,Danso,Danso,18,2,42,0.1,35,839,0,0,2,0,16,4,0,1,10,0.19,0.19,0.38,14.19,1.6,2.2,0.4,8.3,a,100.0,DEF,4.2
571,Ben,Davies,Davies,18,2,43,0.1,10,136,1,0,0,0,3,1,0,1,2,0.49,0.07,0.56,1.11,0.0,3.3,0.0,2.3,i,0.0,DEF,4.3
572,Radu,Drăgușin,Dragusin,18,2,45,0.0,15,513,0,0,0,0,13,0,0,0,5,0.31,0.01,0.32,11.94,1.8,1.9,0.4,3.3,a,100.0,DEF,4.5
573,Djed,Spence,Spence,18,2,42,0.9,59,1761,0,0,7,0,28,4,0,1,20,0.86,1.74,2.60,29.10,0.8,2.6,0.2,14.0,a,100.0,DEF,4.2
574,Destiny,Udogie,Udogie,18,2,43,0.3,15,794,0,1,0,0,17,2,0,0,8,0.16,0.51,0.67,13.98,0.0,1.2,0.0,3.5,a,100.0,DEF,4.3
575,Micky,van de Ven,Van de Ven,18,2,44,19.1,97,2366,4,1,7,0,42,7,1,10,27,2.79,0.34,3.13,37.24,-0.6,3.6,-0.1,22.0,a,100.0,DEF,4.4
576,Ashley,Phillips,Phillips,18,2,40,0.0,0,0,0,0,0,0,0,0,0,0,0,0.00,0.00,0.00,0.00,0.0,0.0,0.0,0.0,u,0.0,DEF,4.0
577,Takai,Kōta,Takai,18,2,40,0.0,0,0,0,0,0,0,0,0,0,0,0,0.00,0.00,0.00,0.00,0.0,0.0,0.0,0.0,u,0.0,DEF,4.0
578,Luka,Vušković,Vuskovic,18,2,39,0.3,0,0,0,0,0,0,0,0,0,0,0,0.00,0.00,0.00,0.00,0.0,0.0,0.0,0.0,u,0.0,DEF,3.9
579,Son,Heung-min,Son,18,3,85,0.1,0,0,0,0,0,0,0,0,0,0,0,0.00,0.00,0.00,0.00,0.0,0.0,0.0,0.0,u,0.0,MID,8.5
581,James,Maddison,Maddison,18,3,68,0.1,0,0,0,0,0,0,0,0,0,0,0,0.00,0.00,0.00,0.00,0.0,0.0,0.0,0.0,i,0.0,MID,6.8
582,Mohammed,Kudus,Kudus,18,3,64,9.4,75,1535,2,6,7,0,20,3,0,7,19,1.92,2.41,4.33,22.74,0.0,3.9,0.0,11.7,i,0.0,MID,6.4
583,Dejan,Kulusevski,Kulusevski,18,3,64,0.0,0,0,0,0,0,0,0,0,0,0,0,0.00,0.00,0.00,0.00,0.0,0.0,0.0,0.0,i,0.0,MID,6.4
584,Mathys,Tel,Tel,18,3,62,0.1,54,825,3,1,1,0,17,0,0,5,8,1.95,1.18,3.12,12.94,1.2,2.3,0.2,8.7,a,,MID,6.2
585,Rodrigo,Bentancur,Bentancur,18,3,52,0.2,64,1407,1,1,5,0,21,5,0,3,17,0.45,0.68,1.13,20.56,0.0,3.2,0.0,12.3,i,0.0,MID,5.2
586,Lucas,Bergvall,Bergvall,18,3,52,0.2,39,799,1,2,3,0,13,2,0,0,10,0.96,0.39,1.35,10.21,0.0,2.3,0.0,7.5,a,100.0,MID,5.2
587,Yves,Bissouma,Bissouma,18,3,52,0.0,13,460,0,0,0,0,15,3,0,0,5,0.36,0.08,0.44,11.22,1.0,1.6,0.2,2.5,i,0.0,MID,5.2
588,Wilson,Odobert,Odobert,18,3,53,0.0,46,972,0,2,2,0,13,0,0,6,10,1.92,1.21,3.13,14.24,0.0,1.9,0.0,8.7,i,0.0,MID,5.3
589,Manor,Solomon,Solomon,18,3,54,0.0,0,0,0,0,0,0,0,0,0,0,0,0.00,0.00,0.00,0.00,0.0,0.0,0.0,0.0,u,0.0,MID,5.4
590,Bryan,Gil Salvatierra,Bryan,18,3,49,0.0,0,0,0,0,0,0,0,0,0,0,0,0.00,0.00,0.00,0.00,0.0,0.0,0.0,0.0,u,0.0,MID,4.9
591,Archie,Gray,Gray,18,3,48,0.2,55,1287,2,2,5,0,24,5,0,6,16,1.30,1.26,2.56,22.12,2.6,2.8,0.5,11.5,a,100.0,MID,4.8
592,Mikey,Moore,Moore,18,3,50,0.0,0,0,0,0,0,0,0,0,0,0,0,0.00,0.00,0.00,0.00,0.0,0.0,0.0,0.0,u,0.0,MID,5.0
593,Pape Matar,Sarr,P.M.Sarr,18,3,45,1.1,63,1230,2,3,3,0,19,2,0,2,12,1.41,1.04,2.45,24.47,2.0,3.0,0.4,14.0,a,100.0,MID,4.5
594,Yang,Min-hyeok,Min-hyeok,18,3,45,0.0,0,0,0,0,0,0,0,0,0,0,0,0.00,0.00,0.00,0.00,0.0,0.0,0.0,0.0,u,0.0,MID,4.5
595,Callum,Olusesi,Olusesi,18,3,43,0.2,1,14,0,0,0,0,0,0,0,0,0,0.00,0.01,0.01,0.75,0.2,1.0,0.0,0.2,a,,MID,4.3
596,Dominic,Solanke-Mitchell,Solanke,18,4,72,1.1,33,688,3,0,0,0,15,1,0,4,7,2.17,0.19,2.35,14.04,2.4,3.0,0.3,4.6,d,75.0,FWD,7.2
597,Richarlison,de Andrade,Richarlison,18,4,63,5.7,91,1436,9,3,5,0,21,5,0,13,14,6.25,1.24,7.49,20.61,3.2,3.6,0.5,14.4,a,100.0,FWD,6.3
598,Will,Lankshear,Lankshear,18,4,45,0.0,0,0,0,0,0,0,0,0,0,0,0,0.00,0.00,0.00,0.00,0.0,0.0,0.0,0.0,u,0.0,FWD,4.5
599,Dane,Scarlett,Scarlett,18,4,43,0.5,2,7,0,0,0,0,0,0,0,0,0,0.00,0.01,0.01,0.03,0.0,1.0,0.0,0.5,u,0.0,FWD,4.3
673,João Maria,Lobo Alves Palhares Costa Palhinha Gonçalves,J.Palhinha,18,3,55,0.8,94,1774,3,3,4,0,32,6,0,11,19,1.33,0.55,1.88,29.02,2.0,3.6,0.4,17.1,a,100.0,MID,5.5
717,Xavi,Simons,Xavi,18,3,65,1.2,64,1567,1,4,3,0,33,4,1,5,17,2.31,3.52,5.83,28.98,1.0,2.7,0.2,9.8,a,100.0,MID,6.5
726,Randal,Kolo Muani,Kolo Muani,18,4,69,0.4,41,1200,1,1,3,0,25,2,0,1,15,1.62,1.31,2.93,20.75,2.6,1.9,0.4,5.9,a,100.0,FWD,6.9
745,Jun'ai,Byfield,Byfield,18,2,40,0.0,1,1,0,0,0,0,0,0,0,0,0,0.00,0.00,0.00,0.00,0.0,1.0,0.0,0.2,a,,DEF,4.0
750,James,Rowswell,Rowswell,18,2,40,0.0,1,1,0,0,0,0,0,0,0,0,0,0.00,0.00,0.00,0.36,0.2,1.0,0.0,0.2,a,,DEF,4.0
751,Yusuf,Akhamrich,Akhamrich,18,3,45,0.0,0,0,0,0,0,0,0,0,0,0,0,0.00,0.00,0.00,0.00,0.0,0.0,0.0,0.0,u,0.0,MID,4.5
790,Lucá,Williams-Barnett,Williams-Barnett,18,3,45,0.0,0,0,0,0,0,0,0,0,0,0,0,0.00,0.00,0.00,0.00,0.0,0.0,0.0,0.0,a,,MID,4.5
796,Conor,Gallagher,Gallagher,18,3,51,0.1,19,577,0,1,0,0,16,0,0,0,7,0.56,0.48,1.04,13.79,0.8,2.4,0.2,3.7,a,100.0,MID,5.1
804,João Victor,de Souza Menezes,Souza,18,2,40,0.0,3,142,0,0,0,0,3,1,0,0,2,0.02,0.03,0.05,2.61,0.4,0.8,0.1,0.8,a,,DEF,4.0
811,Rio,Kyerematen,Kyerematen,18,3,45,0.0,0,0,0,0,0,0,0,0,0,0,0,0.00,0.00,0.00,0.00,0.0,0.0,0.0,0.0,a,,MID,4.5
818,James,Wilson,Wilson,18,4,45,0.0,0,0,0,0,0,0,0,0,0,0,0,0.00,0.00,0.00,0.00,0.0,0.0,0.0,0.0,a,,FWD,4.5
326,Adama,Traoré Diarra,Adama,19,3,51,0.2,22,303,0,0,0,0,10,1,0,0,1,0.34,0.55,0.89,7.58,0.6,1.0,0.1,4.3,a,100.0,MID,5.1
600,Alphonse,Areola,Areola,19,1,43,2.0,51,1800,0,1,0,77,37,0,0,2,20,0.00,0.00,0.00,35.30,0.0,2.5,0.0,11.9,a,,GK,4.3
601,Wes,Foderingham,Foderingham,19,1,40,0.2,0,0,0,0,0,0,0,0,0,0,0,0.00,0.00,0.00,0.00,0.0,0.0,0.0,0.0,u,0.0,GK,4.0
602,Krisztián,Hegyi,Hegyi,19,1,39,0.2,0,0,0,0,0,0,0,0,0,0,0,0.00,0.00,0.00,0.00,0.0,0.0,0.0,0.0,u,0.0,GK,3.9
603,El Hadji Malick,Diouf,Diouf,19,2,40,2.4,81,2003,0,6,6,0,38,4,0,3,22,0.46,1.70,2.16,32.57,4.0,3.4,1.0,20.2,a,100.0,DEF,4.0
604,Emerson,Palmieri dos Santos,Emerson,19,2,44,0.1,0,0,0,0,0,0,0,0,0,0,0,0.00,0.00,0.00,0.00,0.0,0.0,0.0,0.0,u,0.0,DEF,4.4
605,Maximilian,Kilman,Kilman,19,2,41,0.1,36,1559,0,0,1,0,37,4,0,0,17,0.56,0.25,0.81,33.28,0.0,1.7,0.0,8.8,a,,DEF,4.1
606,Konstantinos,Mavropanos,Mavropanos,19,2,44,0.2,74,1812,1,0,3,0,34,2,0,2,19,1.91,0.38,2.29,29.81,4.2,3.2,1.0,16.8,a,100.0,DEF,4.4
607,Nayef,Aguerd,N.Aguerd,19,2,44,0.0,3,180,0,0,0,0,8,0,0,0,2,0.10,0.03,0.13,3.42,0.0,1.5,0.0,0.7,u,0.0,DEF,4.4
608,Ollie,Scarles,Scarles,19,2,43,0.0,21,654,0,1,0,0,16,1,0,0,9,0.18,0.32,0.50,13.28,0.0,1.8,0.0,4.9,a,100.0,DEF,4.3
609,Jean-Clair,Todibo,Todibo,19,2,43,0.1,44,1701,0,1,1,0,34,4,1,1,20,0.25,0.31,0.56,31.66,2.6,2.2,0.6,10.2,a,100.0,DEF,4.3
610,Aaron,Wan-Bissaka,Wan-Bissaka,19,2,41,4.6,63,1821,0,3,3,0,37,3,0,0,20,0.00,0.93,0.93,31.45,3.0,3.0,0.7,15.4,a,100.0,DEF,4.1
611,Kaelan,Casey,Casey,19,2,40,0.1,0,0,0,0,0,0,0,0,0,0,0,0.00,0.00,0.00,0.00,0.0,0.0,0.0,0.0,u,0.0,DEF,4.0
612,Lucas,Tolentino Coelho de Lima,L.Paquetá,19,3,59,1.1,69,1513,4,2,3,0,33,5,1,8,18,2.85,2.00,4.85,24.22,0.0,3.8,0.0,11.7,u,0.0,MID,5.9
613,Tomáš,Souček,Souček,19,3,57,0.3,77,1506,4,2,4,0,34,2,1,6,16,4.42,0.39,4.81,27.99,3.2,2.9,0.6,13.5,a,100.0,MID,5.7
615,Crysencio,Summerville,Summerville,19,3,56,1.7,92,1856,5,3,5,0,34,4,0,10,22,4.53,1.94,6.47,28.26,3.0,3.8,0.5,16.4,i,0.0,MID,5.6
616,Edson,Álvarez Velázquez,Álvarez,19,3,49,0.0,0,0,0,0,0,0,0,0,0,0,0,0.00,0.00,0.00,0.00,0.0,0.0,0.0,0.0,u,0.0,MID,4.9
617,Maxwel,Cornet,Cornet,19,3,49,0.0,0,0,0,0,0,0,0,0,0,0,0,0.00,0.00,0.00,0.00,0.0,0.0,0.0,0.0,u,0.0,MID,4.9
618,Guido,Rodríguez,G.Rodriguez,19,3,48,0.0,8,175,0,0,1,0,2,1,0,0,2,0.03,0.04,0.07,2.59,0.0,1.3,0.0,1.7,u,0.0,MID,4.8
619,Luis Guilherme,Lira dos Santos,L.Guilherme,19,3,49,0.0,5,121,0,0,0,0,2,0,0,0,1,0.07,0.03,0.10,1.82,0.0,1.0,0.0,1.0,u,0.0,MID,4.9
620,George,Earthy,Earthy,19,3,45,0.0,1,8,0,0,0,0,1,0,0,0,0,0.00,0.01,0.01,0.73,0.0,1.0,0.0,0.2,u,0.0,MID,4.5
621,Andy,Irving,Irving,19,3,43,0.2,9,156,0,0,0,0,4,0,0,0,2,0.00,0.17,0.17,4.03,0.0,1.3,0.0,2.1,u,0.0,MID,4.3
622,Lewis,Orford,Orford,19,3,44,0.1,0,0,0,0,0,0,0,0,0,0,0,0.00,0.00,0.00,0.00,0.0,0.0,0.0,0.0,u,0.0,MID,4.4
623,Freddie,Potts,Potts,19,3,44,0.5,34,1094,0,1,1,0,23,1,0,0,11,0.21,1.05,1.26,19.95,0.0,1.8,0.0,7.7,a,100.0,MID,4.4
624,Jarrod,Bowen,Bowen,19,4,75,8.5,141,2689,8,7,5,0,53,4,0,22,30,6.04,3.86,9.90,47.09,4.2,4.7,0.6,18.8,a,,FWD,7.5
625,Niclas,Füllkrug,Füllkrug,19,4,56,0.6,12,407,0,0,1,0,11,0,0,0,5,0.93,0.21,1.14,8.59,0.0,1.5,0.0,2.1,u,0.0,FWD,5.6
626,Callum,Marshall,Marshall,19,4,43,0.5,2,58,0,0,0,0,2,0,0,0,0,0.13,0.00,0.13,1.55,0.0,1.0,0.0,0.5,u,0.0,FWD,4.3
659,Kyle,Walker-Peters,Walker-Peters,19,2,42,0.2,32,954,1,0,1,0,22,2,0,0,10,1.13,0.26,1.39,21.13,0.0,1.8,0.0,7.6,a,,DEF,4.2
671,Callum,Wilson,Wilson,19,4,58,0.5,64,992,5,2,1,0,18,0,0,7,10,6.48,0.29,6.77,18.16,0.4,2.7,0.1,11.0,a,,FWD,5.8
679,Mads,Hermansen,Hermansen,19,1,42,0.4,43,900,0,0,4,33,18,0,0,8,10,0.00,0.01,0.01,12.76,4.4,4.3,1.0,10.2,a,,GK,4.2
708,Mateus Gonçalo,Espanha Fernandes,M.Fernandes,19,3,55,0.4,105,2303,3,3,5,0,40,6,0,6,27,1.23,2.00,3.23,37.21,2.0,3.8,0.4,19.1,a,100.0,MID,5.5
718,Soungoutou,Magassa,S.Magassa,19,3,50,0.0,39,957,1,0,2,0,23,4,0,2,11,0.44,0.32,0.76,18.79,1.0,2.1,0.2,7.8,a,,MID,5.0
738,Lukasz,Fabianski,Fabianski,19,1,45,0.0,0,0,0,0,0,0,0,0,0,0,0,0.00,0.00,0.00,0.00,0.0,0.0,0.0,0.0,d,25.0,GK,4.5
747,Ezra,Mayers,Mayers,19,2,40,0.0,6,113,0,0,0,0,3,0,0,0,0,0.12,0.49,0.61,3.21,0.2,1.0,0.0,1.5,a,,DEF,4.0
752,Airidas,Golambeckis,Golambeckis,19,2,40,0.0,0,0,0,0,0,0,0,0,0,0,0,0.00,0.00,0.00,0.00,0.0,0.0,0.0,0.0,a,,DEF,4.0
758,Mohamadou,Kanté,Mohamadou Kanté,19,3,45,0.0,6,25,0,0,0,0,0,1,0,0,0,0.03,0.03,0.06,0.97,0.6,0.9,0.1,1.3,a,,MID,4.5
785,Pablo Felipe,Pereira de Jesus,Pablo,19,4,54,0.0,10,313,0,0,0,0,5,0,0,0,4,0.34,0.07,0.41,4.35,0.4,1.7,0.1,1.9,a,100.0,FWD,5.4
791,Valentín,Castellanos,Taty,19,4,55,0.1,30,816,2,1,4,0,12,2,0,1,10,2.49,0.53,3.02,11.00,2.6,3.0,0.5,5.5,a,,FWD,5.5
802,Keiber,Lamadrid,Lamadrid,19,3,50,0.0,0,0,0,0,0,0,0,0,0,0,0,0.00,0.00,0.00,0.00,0.0,0.0,0.0,0.0,a,,MID,5.0
815,Axel,Disasi,Disasi,19,2,45,0.1,20,540,0,0,3,0,7,0,0,0,6,0.69,0.01,0.70,7.32,2.4,3.3,0.5,4.4,a,,DEF,4.5
627,Sam,Johnstone,Johnstone,20,1,44,0.1,21,1080,0,0,0,39,24,0,0,0,12,0.00,0.02,0.02,18.59,0.0,1.8,0.0,4.8,a,,GK,4.4
628,José,Malheiro de Sá,José Sá,20,1,42,1.2,56,1710,0,0,4,50,30,2,0,6,19,0.00,0.03,0.03,29.40,3.2,2.9,0.8,13.3,a,100.0,GK,4.2
629,Daniel,Bentley,Bentley,20,1,39,0.5,0,0,0,0,0,0,0,0,0,0,0,0.00,0.00,0.00,0.00,0.0,0.0,0.0,0.0,a,100.0,GK,3.9
631,Emmanuel,Agbadou,Agbadou,20,2,42,0.1,23,1100,0,0,0,0,29,1,1,0,12,0.57,0.40,0.97,18.26,0.0,1.6,0.0,5.5,u,0.0,DEF,4.2
632,Matt,Doherty,Doherty,20,2,44,0.1,12,702,0,0,1,0,14,4,0,0,10,0.09,0.19,0.28,13.21,0.2,1.2,0.0,2.7,a,100.0,DEF,4.4
633,Hugo,Bueno López,H.Bueno,20,2,43,0.2,73,1946,1,2,4,0,33,1,0,4,21,0.50,2.87,3.37,32.20,3.0,2.6,0.7,17.0,a,100.0,DEF,4.3
634,Yerson,Mosquera Valdelamar,Mosquera,20,2,43,0.1,51,1707,0,0,4,0,31,10,0,3,19,1.57,0.47,2.04,29.91,3.8,2.3,0.9,11.9,a,100.0,DEF,4.3
635,Rodrigo,Martins Gomes,R.Gomes,20,2,44,0.1,35,599,3,0,0,0,11,0,0,0,6,1.69,0.31,2.00,8.49,3.8,2.3,0.9,8.0,a,100.0,DEF,4.4
636,Santiago,Ignacio Bueno,S.Bueno,20,2,44,0.1,72,1922,2,2,4,0,33,4,0,2,21,1.67,1.04,2.71,32.78,2.5,3.3,0.6,16.4,a,100.0,DEF,4.4
637,Toti,Gomes,Toti,20,2,42,0.1,28,1039,0,0,1,0,25,1,1,0,13,0.22,0.21,0.43,18.99,2.0,2.0,0.5,6.7,a,100.0,DEF,4.2
638,Ki-Jana,Hoever,Hoever,20,2,38,0.9,10,423,0,0,0,0,13,0,0,0,6,0.02,0.36,0.38,9.36,0.0,1.2,0.0,2.6,u,0.0,DEF,3.8
639,Bastien,Meupiyou Menadjou,Meupiyou,20,2,40,0.0,0,0,0,0,0,0,0,0,0,0,0,0.00,0.00,0.00,0.00,0.0,0.0,0.0,0.0,u,0.0,DEF,4.0
640,Pedro,Cardoso de Lima,Pedro Lima,20,2,40,0.4,3,3,0,0,0,0,1,0,0,0,0,0.00,0.00,0.00,0.79,0.0,1.0,0.0,0.8,a,100.0,DEF,4.0
641,Alfie,Pond,Pond,20,2,39,1.0,0,0,0,0,0,0,0,0,0,0,0,0.00,0.00,0.00,0.00,0.0,0.0,0.0,0.0,u,0.0,DEF,3.9
642,Hwang,Hee-chan,Hee Chan,20,3,56,0.1,44,1144,2,1,2,0,22,3,0,0,15,2.10,0.92,3.02,17.67,0.0,2.2,0.0,7.9,a,100.0,MID,5.6
643,André,Trindade da Costa Neto,André,20,3,52,0.1,77,2130,1,0,2,0,39,9,0,4,23,0.43,0.76,1.19,36.35,5.5,2.8,1.1,14.8,a,100.0,MID,5.2
644,Jean-Ricner,Bellegarde,Bellegarde,20,3,51,0.0,39,1079,1,1,3,0,26,4,0,0,13,1.03,0.95,1.98,20.01,2.8,1.8,0.5,7.6,a,100.0,MID,5.1
645,Fer,López González,Fer López,20,3,51,0.0,12,228,0,1,0,0,9,1,0,0,2,0.16,0.61,0.77,3.98,0.0,1.3,0.0,2.4,u,0.0,MID,5.1
646,João Victor,Gomes da Silva,J.Gomes,20,3,53,0.3,92,2297,1,2,4,0,43,9,0,6,26,1.15,1.85,3.00,38.64,6.2,3.2,1.2,17.4,a,100.0,MID,5.3
647,Gonçalo Manuel,Ganchinho Guedes,Guedes,20,3,55,0.0,0,0,0,0,0,0,0,0,0,0,0,0.00,0.00,0.00,0.00,0.0,0.0,0.0,0.0,u,0.0,MID,5.5
648,Marshall,Munetsi,Munetsi,20,3,53,0.0,38,872,1,2,0,0,19,2,0,1,9,1.64,0.38,2.02,13.36,0.0,2.9,0.0,7.2,u,0.0,MID,5.3
649,Boubacar,Traoré,B.Traore,20,3,50,0.0,0,0,0,0,0,0,0,0,0,0,0,0.00,0.00,0.00,0.00,0.0,0.0,0.0,0.0,u,0.0,MID,5.0
650,Tawanda,Chirewa,Chirewa,20,3,43,0.2,2,25,0,0,0,0,0,0,0,0,0,0.00,0.00,0.00,0.50,0.0,1.0,0.0,0.5,u,0.0,MID,4.3
651,Tom,Edozie,Edozie,20,3,43,0.4,6,6,1,0,0,0,0,0,0,0,0,0.17,0.00,0.17,0.20,0.0,6.0,0.0,1.4,a,,MID,4.3
652,Enso,González Medina,Gonzalez,20,3,43,1.3,0,0,0,0,0,0,0,0,0,0,0,0.00,0.00,0.00,0.00,0.0,0.0,0.0,0.0,a,,MID,4.3
653,Joe,Hodge,Hodge,20,3,45,0.0,0,0,0,0,0,0,0,0,0,0,0,0.00,0.00,0.00,0.00,0.0,0.0,0.0,0.0,u,0.0,MID,4.5
655,Fábio,Soares Silva,Fábio Silva,20,4,49,0.2,0,0,0,0,0,0,0,0,0,0,0,0.00,0.00,0.00,0.00,0.0,0.0,0.0,0.0,u,0.0,FWD,4.9
656,Saša,Kalajdžić,Kalajdžić,20,4,49,0.0,1,14,0,0,0,0,0,0,0,0,0,0.00,0.01,0.01,0.10,0.0,1.0,0.0,0.2,u,0.0,FWD,4.9
657,Leon,Chiwome,Chiwome,20,4,44,0.0,0,0,0,0,0,0,0,0,0,0,0,0.00,0.00,0.00,0.00,0.0,0.0,0.0,0.0,a,100.0,FWD,4.4
658,Nathan,Fraser,Fraser,20,4,42,1.8,0,0,0,0,0,0,0,0,0,0,0,0.00,0.00,0.00,0.00,0.0,0.0,0.0,0.0,a,,FWD,4.2
663,Jhon,Arias,J.Arias,20,3,49,0.1,45,1117,1,0,2,0,21,1,0,2,14,3.38,0.62,4.00,16.00,0.0,2.0,0.0,9.2,u,0.0,MID,4.9
682,David,Møller Wolfe,Møller Wolfe,20,2,42,0.1,29,839,0,2,1,0,20,1,0,0,9,0.13,1.04,1.17,17.48,1.8,1.6,0.4,6.9,a,,DEF,4.2
695,Jackson,Tchatchoua,Tchatchoua,20,2,44,0.0,51,1695,0,1,3,0,31,3,0,0,17,0.33,1.49,1.82,26.55,3.5,1.8,0.8,11.6,a,,DEF,4.4
709,Ladislav,Krejcí,Krejčí,20,2,45,0.1,59,2037,2,1,3,0,38,3,1,0,23,2.01,1.35,3.36,33.91,0.8,2.5,0.2,13.1,a,100.0,DEF,4.5
720,Tolu,Arokodare,Tolu,20,4,53,0.1,59,1231,3,2,3,0,25,1,0,4,12,4.63,0.36,4.99,20.36,2.5,2.2,0.5,11.1,a,,FWD,5.3
749,Mateus,Mané,Mané,20,4,44,1.7,53,1280,2,2,5,0,20,0,0,6,14,1.35,1.66,3.01,24.08,1.8,2.6,0.4,12.0,a,,FWD,4.4
766,Saheed,Olagunju,Olagunju,20,2,40,0.0,0,0,0,0,0,0,0,0,0,0,0,0.00,0.00,0.00,0.00,0.0,0.0,0.0,0.0,a,,DEF,4.0
767,Luke,Rawlings,Rawlings,20,3,45,0.0,0,0,0,0,0,0,0,0,0,0,0,0.00,0.00,0.00,0.00,0.0,0.0,0.0,0.0,a,,MID,4.5
777,Temple,Ojinnaka,Ojinnaka,20,3,45,0.0,0,0,0,0,0,0,0,0,0,0,0,0.00,0.00,0.00,0.00,0.0,0.0,0.0,0.0,u,0.0,MID,4.5
778,Ethan,Sutherland,Sutherland,20,3,45,0.0,0,0,0,0,0,0,0,0,0,0,0,0.00,0.00,0.00,0.00,0.0,0.0,0.0,0.0,a,,MID,4.5
809,Jerome,Abbey,Abbey,20,3,45,0.0,0,0,0,0,0,0,0,0,0,0,0,0.00,0.00,0.00,0.00,0.0,0.0,0.0,0.0,a,,MID,4.5
816,Angel,Gomes,Angel,20,3,47,0.0,9,282,0,0,1,0,4,1,0,0,4,0.11,0.16,0.27,8.69,0.8,1.3,0.2,1.9,a,100.0,MID,4.7
817,Adam,Armstrong,Armstrong,20,4,52,0.1,20,567,1,2,3,0,7,3,0,0,7,0.65,0.62,1.27,13.22,3.0,2.9,0.6,3.8,a,,FWD,5.2
